{"data":{"allWpPage":{"nodes":[{"seoWorkshop":{"title":"Virtual Webinar","time":"5:00pm-6:00pm GMT","date":"November 17, 2021","eventTitle":"SEO Workshop <br/><b>IMAN BASHIR</b>","eventDescription":"<p>The future of marketing relies on artificial intelligence.Tune in for 10 ways to see how AI can be used to improve your Google rankings.</p>\n<ul>\n<li>Where do you start?</li>\n<li>Setting up your website with on-page SEO</li>\n<li>Doing a competitive analysis on a webpage</li>\n<li>Major no nos and how to avoid the traps, scams, and SEO killers</li>\n</ul>\n","hostImage":{"sourceUrl":"https://craftly.ai/craftly-wp/wp-content/uploads/2021/11/event-host-img.jpg"},"whatYouLlLearnTitle":"What You’ll Learn","learnDescription":"<p>Trying to gain traction with SEO can be a massive undertaking, especially for startup founders who already have so much on their plate. It can feel like a hopeless quest without a clear set of guidelines. That’s why we created this guide for those who want to build an SEO strategy that can scale as their company grows. </p>\n<p>In this workshop, you’ll learn advanced SEO strategies from a professional Search Engine Optimization specialist. In addition to learning the concepts, you’ll also get hands-on experience with the techniques and tools Iman uses in her own SEO work. She’ll be discussing SEO basics as well as advanced topics, so whether you’re an SEO beginner or expert, you’ll walk away with a deeper knowledge of how SEO is done. This interactive workshop will teach you data-driven hacks that can help you achieve better results.</p>\n<p>From learning the basics to scaling your efforts, Iman will give you the competitive edge you need to stay relevant! With this hands-on workshop you’ll learn the latest SEO strategies and how they apply to content. You’ll also learn how to use AI to scale your efforts with ease, all while staying on top of the latest developments in the space.</p>\n","registerButtonUrl":"https://www.eventbrite.ca/e/ten-effective-ways-to-improve-google-rankings-using-ai-with-iman-bashir-tickets-194597565557","registerButtonLabel":"Register","speakerLable":"Speaker:","speakerName":"About Iman Bashir:","speakerDescription":"<p>Iman Bashir is an SEO expert and entrepreneur that is building Craftly.AI -AI Copywriting Assistant. All self funded, the female led team is on a mission to challenge the norms and be the future of marketing, copywriting, and content creation. Leveraging the latest in AI technology combined with organic search strategy, Iman architects technology solutions and innovative digital marketing strategies that help users find a way to think beyond ordinary.</p>\n","hostLabel":"Host:","hostName":"About City MOGULS:","hostDescription":"<p>We are a platform that celebrates, educates, and connects innovative entrepreneurs to inspire great leaders. We provide opportunities for entrepreneurs and like-minded go getters to connect, grow, support one another and give back to their communities. By bringing great minds together through engaging, entertaining and educational experiences, we are connecting entrepreneurs to grow their minds and networks to build empowered communities.</p>\n","shareWithLabel":"Share with Friends"}}]}}}