{"data":{"allWpPage":{"nodes":[{"home":{"writeMoreTitle":"Create Better Content.","writeMoreDescription":"Warning: once you’re subscribed you might just use us for everything </br> (even your Valentine’s Day card).","monthlyTabLabel":"Monthly","annuallyTabLabel":" Annual","priceTable":[{"title":"Starter","monthlyPrice":"$35","monthlyDuration":"/Month","annualPrice":"$250","annualDuration":"/Year","shortDescription":null,"description":"<ul>\n<li>Accelerated Onboarding</li>\n<li>20,000 Word Limit</li>\n<li>3 Workspaces</li>\n<li>Access All Tools</li>\n<li>Chat Support</li>\n</ul>\n","buttonLabel":"Try for Free","buttonUrl":"https://app.craftly.ai/signup","activeStatus":null,"activeTitle":null},{"title":"Crafter","monthlyPrice":"$79","monthlyDuration":"/Month","annualPrice":"$790","annualDuration":"/Year","shortDescription":null,"description":"<ul>\n<li>Unlimited Searches</li>\n<li>Unlimited Workspaces</li>\n<li>Access All Tools</li>\n<li>Chat Support</li>\n<li>Customer Success Manager</li>\n</ul>\n","buttonLabel":"Try for Free","buttonUrl":"https://app.craftly.ai/signup","activeStatus":"active","activeTitle":"MOST POPULAR"},{"title":"Dedicated","monthlyPrice":"Custom","monthlyDuration":null,"annualPrice":"Custom","annualDuration":null,"shortDescription":null,"description":"<ul>\n<li>AI Copywriter</li>\n<li>Dedicated Team</li>\n<li>Link Strategy</li>\n<li>Content Marketing</li>\n<li>Full Campaign</li>\n</ul>\n","buttonLabel":"Coming soon","buttonUrl":null,"activeStatus":null,"activeTitle":null}]}}]}}}