{"data":{"allWpPage":{"nodes":[{"learn":{"guidesTitle":"Tool Guides","viewAllGuidesLabel":"View all Guides","viewAllGuidesUrl":"https://craftly.ai/documentation/index.html","guidesTopBanner":{"image":{"sourceUrl":"https://craftly.ai/craftly-wp/wp-content/uploads/2021/07/tool-input-output-min.jpg"},"category":"GUIDE","title":"Tool Input/Output Examples","url":"/tools/","description":"See tool examples and discover what to write for the best results"},"guidesList":[{"image":{"sourceUrl":"https://craftly.ai/craftly-wp/wp-content/uploads/2021/07/product-description-min.jpg"},"category":"GUIDE","title":"Product Description","url":"/documentation/product-description","description":"Generate unique product descriptions that not only rank well in search engines but also sell your products."},{"image":{"sourceUrl":"https://craftly.ai/craftly-wp/wp-content/uploads/2021/07/blog-builder-min.jpg"},"category":"GUIDE","title":"Blog Builder","url":"/documentation/blog-builder","description":"Blast through writer's block by letting us write an excerpt for you."},{"image":{"sourceUrl":"https://craftly.ai/craftly-wp/wp-content/uploads/2021/07/bullets-paragraph-min.jpg"},"category":"GUIDE","title":"Bullets -> Paragraph","url":"/documentation/bullets-to-paragraph","description":"Develop your product's key features and benefits with easy to undersand bullet points."}]}}]}}}