{"data":{"allWpPage":{"nodes":[{"tempesta":{"chooseAPlanTitle":"Choose A Plan That Best <br/> Meets Your Objectives","chooseAPlanDescription":"Choose a solution that meets or exceeds your goals. Tempesta Media can boost the productivity of your content marketers by up to 30%. Their software empowers your team to churn out better-performing content, social, and influencer marketing efforts.","tempestaPriceTable":[{"title":"Enterprise","shortDescription":"Excellent for companies that need to make their existing, in-house program more efficient and streamlined.","price":"299","duration":"month","buyButtonLabel":"Buy now","buyButtonUrl":"https://www.tempestamedia.com/pricing/","description":[{"listHeaderDescription":"Everything included in Essentials PLUS:","listTitle":"Influencer Marketing","list":[{"listItems":"Employee advocacy program"},{"listItems":"Fan manager program (coming soon)"},{"listItems":"Brand ambassador program (coming soon)"}]},{"listHeaderDescription":null,"listTitle":"Integrations","list":[{"listItems":"WordPress™"},{"listItems":"HubSpot™"},{"listItems":"Google Analytics™"}]},{"listHeaderDescription":null,"listTitle":"Analytics","list":[{"listItems":"Content analytics"},{"listItems":"Social Media analytics"},{"listItems":"Influencer analytics"}]}],"infoButtonLabel":"See all Features","infoButtonUrl":null,"activeStatus":null,"activeTitle":null},{"title":"Managed Solution ","shortDescription":"Outstanding option for companies that want industry experts to drive results for them at less cost.","price":"2,000","duration":"month","buyButtonLabel":"Buy now","buyButtonUrl":"https://www.tempestamedia.com/pricing/","description":[{"listHeaderDescription":"Everything included in Enterprise PLUS:","listTitle":"Strategy","list":[{"listItems":"Overarching strategic plan"},{"listItems":"Competitor website, content and social media analysis"},{"listItems":"Supporting SEO strategy"}]},{"listHeaderDescription":null,"listTitle":"Management","list":[{"listItems":"Program completely managed for you"},{"listItems":"Structured, regular meeting schedule "},{"listItems":"Monthly performance reporting"},{"listItems":"Quarterly strategic planning cycle"}]},{"listHeaderDescription":null,"listTitle":"Holistic Digital Marketing","list":[{"listItems":"Tight integration across all digital marketing, including:"},{"listItems":"Email marketing"},{"listItems":"On-page and off-page SEO"},{"listItems":"Ad retargeting"}]}],"infoButtonLabel":"See all Features","infoButtonUrl":null,"activeStatus":"active","activeTitle":"MOST POPULAR"},{"title":"Essentials","shortDescription":"Best for one- or two-person marketing teams looking to boost their content and social media efforts.","price":"99","duration":"month","buyButtonLabel":"Buy now","buyButtonUrl":"https://www.tempestamedia.com/pricing/","description":[{"listHeaderDescription":"Features included:","listTitle":"Planning","list":[{"listItems":"Voice Profiles™"},{"listItems":"Writer auditions"},{"listItems":"Competitor analysis"},{"listItems":"Dynamic content calendar"}]},{"listHeaderDescription":null,"listTitle":"Content Services","list":[{"listItems":"Order from 13 different types of content"},{"listItems":"Editing-only for content you created "},{"listItems":"Unlimited revisions"},{"listItems":"Defined content turnaround times"},{"listItems":"Multiple content download formats"}]},{"listHeaderDescription":null,"listTitle":"Social Media","list":[{"listItems":"LinkedIn™, Facebook™, Twitter™ "},{"listItems":"Curated social posts"},{"listItems":"Post scheduling and management"}]}],"infoButtonLabel":"See all Features","infoButtonUrl":null,"activeStatus":null,"activeTitle":null}]}}]}}}