{"data":{"allWpPage":{"nodes":[{"tempesta":{"tempestaTestimonialTitle":"Here are what <br /> Affiliates <br /> are saying","tempestaReviewList":[{"reviewTitle":"Nostrud exerci tation ullamcor <br> suscisdpit Natasha Sagl","avatar":{"sourceUrl":"https://craftly.ai/craftly-wp/wp-content/uploads/2021/07/image1-min-min.jpg"},"description":"Lorem ipsum dolor sit amet, consectetuer adipiscing elit, se diam nonummy nibh euismod tincidunt ut laoreet dolore magn aliquam erat volutpat. Ut wisi enim ad minim veniam, quis nostrud ei tation ullamcorper suscipit lobortis nisl ut aliquip ex ea com consequat. Duis autem vel eum iriure dolor in hendrerit.","reviewerName":"Natasha Sagl","reviewerDesignation":"Consulting"},{"reviewTitle":"Nostrud exerci tation ullamcor <br> suscisdpit Danielle Knapp","avatar":{"sourceUrl":"https://craftly.ai/craftly-wp/wp-content/uploads/2021/07/image6-min-min.jpg"},"description":"Lorem ipsum dolor sit amet, consectetuer adipiscing elit, se diam nonummy nibh euismod tincidunt ut laoreet dolore magn aliquam erat volutpat. Ut wisi enim ad minim veniam, quis nostrud ei tation ullamcorper suscipit lobortis nisl ut aliquip ex ea com consequat. Duis autem vel eum iriure dolor in hendrerit.","reviewerName":"Danielle Knapp","reviewerDesignation":"Human Resources"},{"reviewTitle":"Nostrud exerci tation ullamcor <br> suscisdpit Fanny Garnier","avatar":{"sourceUrl":"https://craftly.ai/craftly-wp/wp-content/uploads/2021/07/image15-min-min.png"},"description":"Lorem ipsum dolor sit amet, consectetuer adipiscing elit, se diam nonummy nibh euismod tincidunt ut laoreet dolore magn aliquam erat volutpat. Ut wisi enim ad minim veniam, quis nostrud ei tation ullamcorper suscipit lobortis nisl ut aliquip ex ea com consequat. Duis autem vel eum iriure dolor in hendrerit.","reviewerName":"Fanny Garnier","reviewerDesignation":"Founder"},{"reviewTitle":"Nostrud exerci tation ullamcor <br> suscisdpit Rossana Franze","avatar":{"sourceUrl":"https://craftly.ai/craftly-wp/wp-content/uploads/2021/07/image7-min-min.jpg"},"description":"Lorem ipsum dolor sit amet, consectetuer adipiscing elit, se diam nonummy nibh euismod tincidunt ut laoreet dolore magn aliquam erat volutpat. Ut wisi enim ad minim veniam, quis nostrud ei tation ullamcorper suscipit lobortis nisl ut aliquip ex ea com consequat. Duis autem vel eum iriure dolor in hendrerit.","reviewerName":"Rossana Franze","reviewerDesignation":"Administration"},{"reviewTitle":"Nostrud exerci tation ullamcor <br> suscisdpit Sarah Allday","avatar":{"sourceUrl":"https://craftly.ai/craftly-wp/wp-content/uploads/2021/07/image4-min-min.jpg"},"description":"Lorem ipsum dolor sit amet, consectetuer adipiscing elit, se diam nonummy nibh euismod tincidunt ut laoreet dolore magn aliquam erat volutpat. Ut wisi enim ad minim veniam, quis nostrud ei tation ullamcorper suscipit lobortis nisl ut aliquip ex ea com consequat. Duis autem vel eum iriure dolor in hendrerit.","reviewerName":"Sarah Allday","reviewerDesignation":"Sales"},{"reviewTitle":"Nostrud exerci tation ullamcor <br> suscisdpit Aleeza Khan","avatar":{"sourceUrl":"https://craftly.ai/craftly-wp/wp-content/uploads/2021/07/image3-min-min.jpg"},"description":"Lorem ipsum dolor sit amet, consectetuer adipiscing elit, se diam nonummy nibh euismod tincidunt ut laoreet dolore magn aliquam erat volutpat. Ut wisi enim ad minim veniam, quis nostrud ei tation ullamcorper suscipit lobortis nisl ut aliquip ex ea com consequat. Duis autem vel eum iriure dolor in hendrerit.","reviewerName":"Aleeza Khan","reviewerDesignation":"Student"},{"reviewTitle":"Nostrud exerci tation ullamcor <br> suscisdpit Farah Mirza","avatar":{"sourceUrl":"https://craftly.ai/craftly-wp/wp-content/uploads/2021/07/image9-min-min.png"},"description":"Lorem ipsum dolor sit amet, consectetuer adipiscing elit, se diam nonummy nibh euismod tincidunt ut laoreet dolore magn aliquam erat volutpat. Ut wisi enim ad minim veniam, quis nostrud ei tation ullamcorper suscipit lobortis nisl ut aliquip ex ea com consequat. Duis autem vel eum iriure dolor in hendrerit.","reviewerName":"Farah Mirza","reviewerDesignation":"Founder"},{"reviewTitle":"Nostrud exerci tation ullamcor <br> suscisdpit Shyanna Walls","avatar":{"sourceUrl":"https://craftly.ai/craftly-wp/wp-content/uploads/2021/07/image13-min-min.jpg"},"description":"Lorem ipsum dolor sit amet, consectetuer adipiscing elit, se diam nonummy nibh euismod tincidunt ut laoreet dolore magn aliquam erat volutpat. Ut wisi enim ad minim veniam, quis nostrud ei tation ullamcorper suscipit lobortis nisl ut aliquip ex ea com consequat. Duis autem vel eum iriure dolor in hendrerit.","reviewerName":"Shyanna Walls","reviewerDesignation":"Marketing"},{"reviewTitle":"Nostrud exerci tation ullamcor <br> suscisdpit Keira Zlahtic","avatar":{"sourceUrl":"https://craftly.ai/craftly-wp/wp-content/uploads/2021/07/image8-min-min.jpg"},"description":"Lorem ipsum dolor sit amet, consectetuer adipiscing elit, se diam nonummy nibh euismod tincidunt ut laoreet dolore magn aliquam erat volutpat. Ut wisi enim ad minim veniam, quis nostrud ei tation ullamcorper suscipit lobortis nisl ut aliquip ex ea com consequat. Duis autem vel eum iriure dolor in hendrerit.","reviewerName":"Keira Zlahtic","reviewerDesignation":"Law Student"}]}}]}}}