{"data":{"allWpPage":{"nodes":[{"documentation":{"emailConfirmation":{"title":"Confirmation Email","description":"<p>Revising your email content far too often? Stressed about everything being spelled correctly? Worried that no one will even read it in the first place? Are you using too many exclamation marks?!</p>\n<p>Let Cai send a structured email confirmation containing all the information necessary to get the point across, with a little extra “oomph” to make sure your email stands out from the crowd. The best part is you don&#8217;t have to worry about erasing all the exclamation points afterwards.</p>\n<p>This is a one step process, just type in what the email confirmation is for. Remember to be as descriptive as possible.</p>\n","stepsTitle":"Steps to Crafting a Email Confirmation with Cai","stepsList":[{"stepNo":"1","description":"What is this email for?"},{"stepNo":"2","description":"Craft content"}],"tipsTitle":"Tips","tipsDescription":"<ul>\n<li>Define the purpose of your email. Was it a sign up? A confirmation? A Request for more information?</li>\n<li>Need a thank you email to follow? Cai can do that too! Check out our Thank You Email tool on the app!</li>\n</ul>\n","contentCreationsTitle":null,"contentCreationsImage":{"sourceUrl":"https://craftly.ai/craftly-wp/wp-content/uploads/2021/07/email-confirmation-image-min.jpg"}}}}]}}}