{"data":{"allWpPage":{"nodes":[{"affiliate":{"startEarningTitle":"Start earning in your sleep","startEarningList":[{"icon":{"sourceUrl":"https://craftly.ai/craftly-wp/wp-content/uploads/2021/07/ic-join-min.png"},"title":"Join","description":"Receive a unique referral link. Let us do the heavy lifting by tracking website visitors, trial activations and orders connected to you."},{"icon":{"sourceUrl":"https://craftly.ai/craftly-wp/wp-content/uploads/2021/07/ic-share-min.png"},"title":"Share","description":"Mention our products in any way you see fit, and share your referral link and our promotional materials. We use cookies to track your referrals even if they don’t purchase during the first visit!"},{"icon":{"sourceUrl":"https://craftly.ai/craftly-wp/wp-content/uploads/2021/07/ic-earn-min.png"},"title":"Earn","description":"As soon as their payment goes through, you’ll receive 30% perpetually for the first 12 months they are signed up for. Receive monthly payouts and unlimited earning potentials."}]}}]}}}