{"data":{"allWpPage":{"nodes":[{"documentation":{"sentenceRewriter":{"title":"Sentence Rewriter","description":"<p>The sentence rewriter tool is perfect for sentences that need a little sprucing up!</p>\n<p>It can be used when you find the perfect sentence online but want to avoid plagiarizing, or even for when you craft your own sentence but need a different spin on it!</p>\n","stepsTitle":"Steps to Crafting Blogs with Cai","stepsList":[{"stepNo":"1","description":"Tell Cai the sentence you want rewritten "},{"stepNo":"2","description":"Craft new sentence"}],"tipsTitle":"Tips","tipsDescription":"<ul>\n<li>Make sure that you’re only rewriting one sentence at a time. Cai will avoid writing you run on sentences, and trying to rewrite multiple sentences at once will result in clunky or unfinished sentences!</li>\n<li>If your sentence is perfect, but you just need to change the personality behind it, use the tone setting to switch it up!</li>\n<li>Run the tool multiple times with different tones and word changes to get the best possible output.</li>\n</ul>\n","inputVsOutput":"<h4>See some examples below:</h4>\n<table>\n<tbody>\n<tr>\n<th>Input</th>\n<th>Output</th>\n</tr>\n<tr>\n<td><strong>Input:</strong> Structural Functionalism is a macro-level school of thought concerned with the interdependence of social structures and institutions of society, and their effects on members of society.</td>\n<td><strong>Cai:</strong></p>\n<ul>\n<li>Structural Functionalism is a school of thought which assumes that all institutions and social structures are necessary to regulate social norms.</li>\n</ul>\n<p>&nbsp;</p>\n<ul>\n<li>You can think of structural functionalism as a large-scale school of thought about how society&#8217;s structures and institutions affect the individuals.</li>\n</ul>\n<p>&nbsp;</p>\n<ul>\n<li>Structural functionalism looks at how social structures and institutions work together to achieve a particular goal, and how they affect individuals.</li>\n</ul>\n<p>&nbsp;</p>\n<ul>\n<li>The goal of structural functionalism is to determine how institutions work to form a stable system in a society.</li>\n</ul>\n<p>&nbsp;</p>\n<ul>\n<li>Structural functionalism is a school of thought concerned with how social institutions shape people&#8217;s behaviors.</li>\n</ul>\n<p>&nbsp;</p>\n<ul>\n<li>Ever wondered why societies across the world are similar in some ways and different in others? Structural-functionalism might be the answer.</li>\n</ul>\n</td>\n</tr>\n</tbody>\n</table>\n","contentCreationsTitle":null,"contentCreationsImage":null}}}]}}}