{"data":{"allWpPage":{"nodes":[{"home":{"clientsTitle":"Our Clients Get Real Results","clientsDescription":"We work with people and businesses looking to get more exposure. We have worked with businesses, </br> eCommerce websites, charities, influencers, artists, musicians, and creators.","clientsTrustpilotButtonLabel":null,"clientsReviewsList":[{"description":"Craftly is such a time saver. The bullet to paragraph tool is my favourite because I’m always taking notes in point form. It is so easy to transfer my bullet points into Craftly and turn that into a cohesive paragraph. Crafty does the tedious work for me, and I get to have fun adding my personality in later. I love that I can pump work out so much faster, and spend more time on the parts of my job I love! ","avatar":{"sourceUrl":"https://craftly.ai/craftly-wp/wp-content/uploads/2021/07/image8-min-min.jpg"},"name":"Keira Zlahtic","designation":"Law Student"},{"description":"Recently, I was given access to Craftly.ai and I am absolutely obsessed. Once you craft, you can never go back. 30,000 Words generated in my very first day!","avatar":{"sourceUrl":"https://craftly.ai/craftly-wp/wp-content/uploads/2021/07/image1-min-min.jpg"},"name":"Natasha Sagl","designation":"Consulting"},{"description":"Craftly.ai has been an absolute life changer as a business owner. When I first discovered Craftly.ai, I had never heard of copywriting software before and the process seemed pretty daunting to me then so I was a little hesitant to give it a try at first. But after using it for just 5 minutes, I totally get how this can be such a helpful tool for small businesses like mine that are constantly coming up with new content- but don't have time to write every word of it themselves! ","avatar":{"sourceUrl":"https://craftly.ai/craftly-wp/wp-content/uploads/2021/07/image9-min-min.png"},"name":"Farah Mirza","designation":"Founder"},{"description":"Craftly is an intuitive tool for anyone who is tired of the same old work flow. If you are a B2B sales executive who needs to communicate your message in a simple, clear way without wasting a lot of time, this tool can streamline your writing process.","avatar":{"sourceUrl":"https://craftly.ai/craftly-wp/wp-content/uploads/2021/07/image11-min-min.png"},"name":"Tessa Cowley","designation":"Sales"},{"description":"This AI copywriter tool has helped me produce high quality, compelling content at an astonishing pace. This is a must have for project managers juggling multiple projects at a time, needing quality content fast. All you have to do is feed it some target keywords, and then input your desired length. The next thing you know, you'll be looking at a brilliantly crafted paragraph that converts. The first three lines were generated by Craftly, case in point. ","avatar":{"sourceUrl":"https://craftly.ai/craftly-wp/wp-content/uploads/2021/07/image2-min-min.jpg"},"name":"Kenji Northrup","designation":"Finance"},{"description":"Craftly totally boosts my confidence when sending emails and makes me sound like a pro! Got through 73 emails today… I wish I was kidding.","avatar":{"sourceUrl":"https://craftly.ai/craftly-wp/wp-content/uploads/2021/07/image7-min-min.jpg"},"name":"Rossana Franze","designation":"Administration"},{"description":"I have never really been a fan of writing, but when you are working at a marketing company and need to wear all hats there is no way around it. I don't know how many hours I've wasted on trying to write compelling copy for my website, Facebook ads, emails and landing pages; until now! Craftly.ai is a great AI software that solves this problem by providing high quality text in less than 60 seconds. In fact, this review was 95% written by them. I told them why I love them, they wrote.","avatar":{"sourceUrl":"https://craftly.ai/craftly-wp/wp-content/uploads/2021/07/image13-min-min.jpg"},"name":"Shyanna Walls","designation":"Marketing"},{"description":"Having my company based in India but constantly working with people from North America, sometimes my team gets stuck with filling in copy. This not only breaks down barriers but also translates it so my team can understand it! Thankful for all the opportunities Craftly is now opening itself up to.","avatar":{"sourceUrl":"https://craftly.ai/craftly-wp/wp-content/uploads/2021/07/image5-min-min.jpg"},"name":"Jignesh Parekh","designation":"Founder"},{"description":"I'm a freelance writer and I feel that craftly.ai has made my job easier and more profitable. It's just so easy to use and understand. I am able to double or triple the amount of work I am able to take on.","avatar":{"sourceUrl":"https://craftly.ai/craftly-wp/wp-content/uploads/2021/07/image10-min-min.jpg"},"name":"Frank Asente","designation":"Writer"},{"description":"The tone changer has been so helpful when I’m pitching different brands with different vibes. I can write bold, fun, witty, or serious pitches in minutes. It cuts my workload in half, but makes it look like I’m working twice as hard!","avatar":{"sourceUrl":"https://craftly.ai/craftly-wp/wp-content/uploads/2021/07/image15-min-min.png"},"name":"Fanny Garnier","designation":"Founder"},{"description":"This is perfect for anyone who needs help writing copy and content, but has a limited amount of time to do research or isn't qualified enough on the subject matter themselves. In my experience with it so far, it seems like this would be very useful for individuals with specific requirements without having to know everything required on the topic in depth already. ","avatar":{"sourceUrl":"https://craftly.ai/craftly-wp/wp-content/uploads/2021/07/image6-min-min.jpg"},"name":"Danielle Knapp","designation":"Human Resources"},{"description":"I love using craftly.ai because it fires up my creative side. I'm a student, and I have a tendency to overthink things where I get stuck in my writing. Craftly gives me a chance to get past writer's block and get back to work because it actually guides me on where to start. Plus, I can make my writing more interesting and unique.","avatar":{"sourceUrl":"https://craftly.ai/craftly-wp/wp-content/uploads/2021/07/image3-min-min.jpg"},"name":"Aleeza Khan","designation":"Student"}]}}]}}}