{"data":{"allWpPage":{"nodes":[{"learn":{"learnList":[{"icon":{"sourceUrl":"https://craftly.ai/craftly-wp/wp-content/uploads/2021/07/ic-step-by-step-guide-min.png"},"title":"Step by Step Guide","description":"Tool documentation and other resources","buttonLabel":"Find Resources","buttonUrl":"/documentation/step-by-step"},{"icon":{"sourceUrl":"https://craftly.ai/craftly-wp/wp-content/uploads/2021/07/ic-tutorials-min.png"},"title":"Tutorials","description":"How to videos","buttonLabel":"Watch all Tutorials","buttonUrl":"/documentation/"},{"icon":{"sourceUrl":"https://craftly.ai/craftly-wp/wp-content/uploads/2021/07/ic-tips-min.png"},"title":"Tips","description":"Tool examples - inputs and outputs","buttonLabel":"See Tool Example","buttonUrl":"/documentation/"},{"icon":{"sourceUrl":"https://craftly.ai/craftly-wp/wp-content/uploads/2021/07/ic-ask-the-community-min.png"},"title":"Ask the Community","description":"Join a discussion, share best practices, and see what other crafters have to say","buttonLabel":"Join a Community","buttonUrl":"https://www.facebook.com/groups/562335751328055"}],"learnCtaText":"<b>Ideas or feedback</b> on how we can enhance our product offering? We’re listening!","learnCtaLinkLabel":" Submit an idea","learnCtaLinkUrl":"https://www.tidio.com/talk/craftlyai"}}]}}}