{"data":{"allWpPage":{"nodes":[{"learn":{"startEarningImage":{"sourceUrl":"https://craftly.ai/craftly-wp/wp-content/uploads/2021/07/earn-money-min.jpg"},"earningTopTitle":"CRAFTLY PARTNER","earningTitle":"Earn Money While You Sleep","earningDescription":"Love getting Craftly with us? Earn up to 30% monthly residual income of any sign ups you get Craftly. Refer friends, family, people on the streets. Seriously, there is no limit.","startEarningButtonLabel":"Start Earning","startEarningButtonUrl":"https://form.typeform.com/to/XXMw4Nem?typeform-medium=embed-snippet"}}]}}}