{"data":{"allWpPage":{"nodes":[{"scholarship":{"relatedFieldsTitle":"Related fields can include (but are not limited to):","relatedFieldsList":[{"fieldName":"Artificial Intelligence"},{"fieldName":"Education"},{"fieldName":"Science & Technology"},{"fieldName":"Information Technology"},{"fieldName":"Communications"},{"fieldName":"Linguistics or Language Studies"},{"fieldName":"Computer Science"},{"fieldName":"Creative & Professional Writing"},{"fieldName":"Business or Marketing"},{"fieldName":"Psychology"},{"fieldName":"Philosophy"}]}}]}}}