{"data":{"allWpPage":{"nodes":[{"keapMarketing":{"keapHelpedTitle":"KEAP has helped more entrepreneurs<br/> grow than anyone else.","keapHelpedShortDescription":"We combine 20 years experience working with more than 200,000 \r\nbusiness owners to give you the recipe for success","keapHelpedList":[{"description":"Say that Keap helps organize their lead<br/> and client data in <b>one place</b>","percentageValue":"91"},{"description":"Agree that Keap helps run their<br/> business <b>more efficiently</b>","percentageValue":"89"},{"description":"Saw an<b> increase in clients</b><br/> by using Keap","percentageValue":"84"}],"keapHelpedNotes":"Source: Keap customer value survey","keapHelpedLeftImage":{"sourceUrl":"https://craftly.ai/craftly-wp/wp-content/uploads/2021/09/kept-left-img.png"},"keapHelpedRightImage":{"sourceUrl":"https://craftly.ai/craftly-wp/wp-content/uploads/2021/09/kept-rigt-img.png"}}}]}}}