{"data":{"allWpPage":{"nodes":[{"scholarship":{"topTitle":"Craftly Scholarship","scholarshipDescription":"Craftly.AI will award a <b>$1,000 </b> scholarship to one deserving student demonstrating thought-leadership","submissionsButtonLabel":"Submissions are only accepted HERE","submissionsButtonUrl":"https://forms.gle/ySdbJMCdPYbmwRyK8","whoApplyText":"<p>With new technology comes great responsibility and more opportunity. Whether it is using AI to craft curriculums in lower income countries lacking access to education or using deep fakes to make low budget films, we want to hear from students. A winner will be selected according to their academic achievements, and their submission of a short 500 word essay or 2 minute video presentation on the question of:</p>\n<h5>How can AI be used to better society? What can we do to prevent the concerns around AI?</h5>\n"}}]}}}