{"data":{"allWpPage":{"nodes":[{"home":{"testimonialTitle":"Here are what <br /> fellow crafters <br /> are saying","reviewList":[{"reviewTitle":"I cannot wait to never write again","description":"Using Craftly.AI has helped me SO much. I've worked as a freelancer for as long as I could remember, so sometimes I feel drained of creativity! Whenever I sit down to write I make sure to have Craftly open for inspiration. The blog post idea feature has saved my life on tight deadlines so many times, and makes content planning a breeze.","avatar":{"sourceUrl":"https://craftly.ai/craftly-wp/wp-content/uploads/2021/07/headshot-megan-apa-min-min.png"},"reviewerName":"Megan Apa","reviewerDesignation":"Head of Marketing, Toronto"}]}}]}}}