{"data":{"allWpPage":{"nodes":[{"documentation":{"blogIdeas":{"title":"Blog Ideas","description":"<p>Just a quick fact: there are over 600 million blogs on the internet today. They’re not all good, but they exist online, which means your reader will have to wade through them to get to your content. So how do you make your content relevant, interesting, to get your blog post to the top of search results?</p>\n","stepsTitle":"Steps to Crafting Blog Ideas with Cai","stepsList":[{"stepNo":"1","description":"What is your Name / Brand?"},{"stepNo":"2","description":"What is your Description?"},{"stepNo":"3","description":"Craft Content"}],"tipsTitle":"Tips","tipsDescription":"<ul>\n<li>We recommend using a feature like <a href=\"https://trends.google.com/trends/?geo=US\" target=\"_blank\" rel=\"noopener\">Google Trends</a> to see what people are looking for to get a great blog topic</li>\n<li>Use keywords to generate more traffic on your blog</li>\n<li>Use a <a href=\"https://www.wikipedia.org/\" target=\"_blank\" rel=\"noopener\">wikipedia</a> description to give to Cai content to work with</li>\n<li>Having trouble coming up with a blog intro? Cai can take care of that too! Check out our blog intro tool <a href=\"../../blog-builder.html\">here</a></li>\n</ul>\n","contentCreationsTitle":null,"contentCreationsImage":{"sourceUrl":"https://craftly.ai/craftly-wp/wp-content/uploads/2021/11/blog-builder-image-min.jpg"}}}}]}}}