{"data":{"allWpPage":{"nodes":[{"keapMarketing":{"keapLogo":{"sourceUrl":"https://craftly.ai/craftly-wp/wp-content/uploads/2021/09/keap-logo.png"},"craftlyLogo":{"sourceUrl":"https://craftly.ai/craftly-wp/wp-content/uploads/2021/09/keap-craftly-logo.png"},"keapHeadTitle":"Sales and Marketing Automation built to help you grow without chaos","keapSubTitle":"Craft content that keeps clients coming back","keapShortDescription":"Want to engage with your clients from start to finish? KEAP partnered with Craftly.AI will <br/>help you create relevant and engaging content in a fraction of the time"}}]}}}