{"data":{"allWpPost":{"nodes":[{"slug":"ultimate-guide-to-seo-content-writing-in-2021","categories":{"nodes":[{"name":"Artificial Intelligence"}]},"date":"July 13, 2021","blogPost":{"nuberOfMinutesToRead":"5"},"featuredImage":{"node":{"sourceUrl":"https://craftly.ai/craftly-wp/wp-content/uploads/2021/07/blog-post-seo-guide-min.png"}},"title":"Ultimate Guide to SEO Content Writing in 2021"},{"slug":"artificial-intelligence","categories":{"nodes":[{"name":"Artificial Intelligence"}]},"date":"July 13, 2021","blogPost":{"nuberOfMinutesToRead":"12"},"featuredImage":{"node":{"sourceUrl":"https://craftly.ai/craftly-wp/wp-content/uploads/2021/07/blog-post-launch-min.png"}},"title":"#Artificial Intelligence"},{"slug":"marketing-craftly","categories":{"nodes":[{"name":"Marketing"}]},"date":"July 13, 2021","blogPost":{"nuberOfMinutesToRead":"6"},"featuredImage":{"node":{"sourceUrl":"https://craftly.ai/craftly-wp/wp-content/uploads/2021/07/blog-post-ai-writes-min.png"}},"title":"#Marketing Craftly"},{"slug":"updates-craftly","categories":{"nodes":[{"name":"Updates"}]},"date":"July 13, 2021","blogPost":{"nuberOfMinutesToRead":"5"},"featuredImage":{"node":{"sourceUrl":"https://craftly.ai/craftly-wp/wp-content/uploads/2021/07/blog-post-meta-description-min.png"}},"title":"#Updates Craftly"},{"slug":"examples-of-copy-generated-by-artificial-intelligence","categories":{"nodes":[{"name":"Updates"}]},"date":"July 13, 2021","blogPost":{"nuberOfMinutesToRead":"3"},"featuredImage":{"node":{"sourceUrl":"https://craftly.ai/craftly-wp/wp-content/uploads/2021/07/blog4-min.jpg"}},"title":"Examples of Copy Generated By Artificial Intelligence"},{"slug":"ai-is-always-ready-to-help-you-write-a-brilliant-article-craftly-has-an-intelligent-topic-generator","categories":{"nodes":[{"name":"Updates"}]},"date":"July 13, 2021","blogPost":{"nuberOfMinutesToRead":"7"},"featuredImage":{"node":{"sourceUrl":"https://craftly.ai/craftly-wp/wp-content/uploads/2021/07/blog5-min.jpg"}},"title":"AI Is Always Ready To Help You Write A Brilliant Article: Craftly Has An Intelligent Topic Generator"}]}}}