{"data":{"allWpPage":{"nodes":[{"about":{"workWithUsTitle":"Work With Us","workWithUsList":[{"title":"Code","description":"Interesting in a dark cave? Code? Bugs? Lots of coffee? Reach out!","anchorLabel":"Details","anchorLink":"/about/"},{"title":"Affiliate","description":"Make money, work your own hours and be your own boss","anchorLabel":"Details","anchorLink":"/affiliate/"},{"title":"Write","description":"Love writing with craftly? Why not get paid for it...","anchorLabel":"Details","anchorLink":"https://forms.gle/459GS79KZszBqPGg6"},{"title":"Freelance","description":"Join our community and find heroes that need sidekicks","anchorLabel":"Details","anchorLink":"https://www.facebook.com/groups/562335751328055"}],"workList":[{"icon":{"sourceUrl":"https://craftly.ai/craftly-wp/wp-content/uploads/2021/07/never-stop-learning-min.png"},"title":"Never stop learning","description":"We welcome experimentation, failing, and trying again. Workshops, bootcamps, experiences -we’re here for it all ensuring our team is always building new skills."},{"icon":{"sourceUrl":"https://craftly.ai/craftly-wp/wp-content/uploads/2021/07/community-min.png"},"title":"Community","description":"Your family was unsupportive? It’s okay, we’re your family now."},{"icon":{"sourceUrl":"https://craftly.ai/craftly-wp/wp-content/uploads/2021/07/social-contribution-min.png"},"title":"Social Contribution","description":"Every year, Craftly will move towards providing educational seminars, scholarships and contributions towards causes we believe in."},{"icon":{"sourceUrl":"https://craftly.ai/craftly-wp/wp-content/uploads/2021/07/remote-friendly-min.png"},"title":"Remote-friendly","description":"Sometimes you just want to Zoom in your jammies. We feel you. Let us help you from anywhere in the world from the comfort of your home."},{"icon":{"sourceUrl":"https://craftly.ai/craftly-wp/wp-content/uploads/2021/07/benefits-min.png"},"title":"Benefits","description":"We work with you on finding out what matters to you and creating benefits based on that."},{"icon":{"sourceUrl":"https://craftly.ai/craftly-wp/wp-content/uploads/2021/07/entrepreneur-pusher-min.png"},"title":"Entrepreneur Pusher","description":"Love a cause? Have a business idea? Let us help you start it. You grow us, let us help grow you. You don’t have to choose between the two."}]}}]}}}