{"data":{"allWpPage":{"nodes":[{"documentation":{"thankYouEmail":{"title":"Thank You Email","description":"<p>A thank you email is meant to be a meaningful and heartfelt gesture to reciprocate an action that brought you joy. Let Cai craft a personalized thank you note to someone that went out of their way for you! This tool can also be used to create thank you emails for subscription sign ups, thank you emails for purchases and thank you emails for communications.</p>\n","stepsTitle":"Steps to Crafting a Thank You Email with Cai","stepsList":[{"stepNo":"1","description":"Who are you thanking?"},{"stepNo":"2","description":"What are you thanking them for? "},{"stepNo":"3","description":"Who is your target audience? "},{"stepNo":"4","description":"Choose a tone "},{"stepNo":"5","description":"Craft content"}],"tipsTitle":"Tips","tipsDescription":"<ul>\n<li>Write the person’s name you are writing to and give more details about who that person is to you (Aunt, Mentor, Boss, Wedding Guest)</li>\n<li>Add specific and meaningful details about your relationship with the person you are thanking.</li>\n<li>Instead of saying “thank you for the wedding gift” say “thank you for the air fryer, I can’t wait to use it for everything!”</li>\n<li>Want to personalize your content further? Put a swing on things by changing the tone!</li>\n</ul>\n","contentCreationsTitle":null,"contentCreationsImage":{"sourceUrl":"https://craftly.ai/craftly-wp/wp-content/uploads/2021/07/thank-you-email-min.jpg"}}}}]}}}