{"data":{"allWpPage":{"nodes":[{"blogRightCardAndCat":{"cardList":[{"title":"Sed diam nonummy","description":"Sllamcorper suscipit lobortis nisl ut aliquip ex ea commodo conseq Duis autem vel eum iriure dolor in.","buttonLabel":"Try for free","buttonUrl":null},{"title":"Sed diam nonummy","description":"Sllamcorper suscipit lobortis nisl ut aliquip ex ea commodo conseq Duis autem vel eum iriure dolor in.","buttonLabel":"Try for free","buttonUrl":null},{"title":"Sed diam nonummy","description":"Sllamcorper suscipit lobortis nisl ut aliquip ex ea commodo conseq Duis autem vel eum iriure dolor in.","buttonLabel":"Try for free","buttonUrl":null}]}}]}}}