{"data":{"allWpPage":{"nodes":[{"keapMarketing":{"ourApplicationsTitle":"Our applications are built with the solutions of tomorrow in mind","ourApplicationsList":[{"icon":{"sourceUrl":"https://craftly.ai/craftly-wp/wp-content/uploads/2021/09/ic-crm.png"},"title":"CRM","description":"All your client information, accessible on all your devices"},{"icon":{"sourceUrl":"https://craftly.ai/craftly-wp/wp-content/uploads/2021/09/ic-sales-marketing-automation.png"},"title":"Sales & marketing automation","description":"Emails, and other marketing actions are triggered by client action"},{"icon":{"sourceUrl":"https://craftly.ai/craftly-wp/wp-content/uploads/2021/09/ic-sales-pipeline.png"},"title":"Sales Pipeline","description":"Visual dashboard to easily track your sales process"},{"icon":{"sourceUrl":"https://craftly.ai/craftly-wp/wp-content/uploads/2021/09/ic-payments-e-commerce.png"},"title":"Payments and e-commerce","description":"Send invoices clients can pay in one click"},{"icon":{"sourceUrl":"https://craftly.ai/craftly-wp/wp-content/uploads/2021/09/ic-reporting-analytics.png"},"title":"Reporting & analytics","description":"Know what’s working and where to focus your time"}]}}]}}}