{"data":{"allWpPage":{"nodes":[{"faqs":{"questionAndAnswer":[{"question":"Which membership should I get: Starter or Crafter?","answer":"<p>This really depends on how much you’ll need to use Craftly in your day to day work! Think of the Starter package like a glimpse of what you can do, you’ll be able to create 3 workspaces, craft 20,000 words per month, and access to all tools for $35. 20,000 Flies by fast as it counts any words generated by the AI -used or not. With the Crafter package, you’ll have 3 seats for your team, unlimited workspaces, word limits, and access to all tools for $79. With the Crafter package, you’ll have 3 seats for your team, unlimited workspaces, word limits, and access to all tools for $79.</p>\n"},{"question":"How do I view my usage?","answer":"<p>Usage can be viewed in the top right corner of your dashboard. The graph displays usage and wordcount. If you are on the Starter plan, you will have an allowance of 20,000 words per month. If you’re on the Crafter plan, you have unlimited usage.</p>\n"},{"question":"Where does my saved content go?","answer":"<p>You can view your saved content in your workspace, under the tool that content was created in. If you created a workspace called “business,” crafted a product description, and saved an output, it would be accessible in the “favourites” section under that tool within that workspace. Different workspaces will have different storage!</p>\n"},{"question":"Who is Cai?","answer":"<p>Cai is our Artificial Intelligence &#8211; you can think of her as your new personal AI assistant! She is constantly learning and upgrading to provide you with the best experience possible. Because you’ll be crafting content with the most natural language processing system available, we decided to personalize your experience on Craftly.</p>\n"},{"question":"What languages is Cai able to craft in?","answer":"<p>English is Cai’s first language, so she will always produce the best possible results in her native language. That being said, Cai is also fluent in every language, and can produce some amazing results in any language available for her to learn on the internet. Full access to all languages are coming soon.</p>\n"},{"question":"Do you have an API?","answer":"<p>At this time Craftly.AI does not have an API.</p>\n"},{"question":"I have a great idea for a tool, who can I tell?","answer":"<p>We love forward thinkers! If you have any ideas about how we can improve Craftly.AI you can submit them through <a href=\"#\">this online form.</a></p>\n"},{"question":"Cai is acting weird, what do I do?","answer":"<p>Sometimes Cai needs a coffee. If you notice her acting strange, let us know by using <a href=\"#\">this online form.</a></p>\n"},{"question":"Can I use Craftly.AI for multiple businesses in one workspace?","answer":"<p>Yes! With the Starter package you’re able to have up to 3 workspaces. With the Crafter package you are able to create unlimited work spaces. Whatever you’d like to organize under that workspace is up to you!</p>\n"},{"question":"How can Cai write my entire blog post?","answer":"<p>While Craftly can’t write an entire blog post for you at the click of a button, you can combine tools to write longform content in a fraction of the time it would normally take! Check out <a href=\"#\">this resource</a> to find out how.</p>\n"},{"question":"Is the copy plagiarized?","answer":"<p>No! Cai samples and re-words ideas from billions of online sources to create your unique piece of content. With Craftly, you can rest assured that what you’re generating will never be plagiarized. Any templates being used will clearly state them in the tool description.</p>\n"},{"question":"Why won’t Cai let me type certain words?","answer":"<p>Cai is sensitive to words that may hurt or offend someone. If you are trying to use a word that is harmful, please think of another one. If you think Cai has made a mistake in flagging one of your words as inappropriate, <a href=\"#\">let us know here.</a></p>\n"},{"question":"Why am I getting censored content messages?","answer":"<p>We work hard to make Craftly a safe and unbiased interface for all users.<br />\nProduction of appropriate content and safety are one of our key focuses in our development roadmap. In addition to OpenAI’s existing content filter, we’ve implemented our own safety system to safeguard against inappropriate behavior.</p>\n"},{"question":"How do I upgrade my account?","answer":"<p>If your credits are coming to an end and you’d like to upgrade your plan to Crafter, you can do so by accessing your billing portal in your account settings. Simply select “upgrade plan” under Crafter, and your next billing cycle will reflect the changes.</p>\n"},{"question":"How do I delete my account?","answer":"<p>We’re sorry to see you go! To delete your account, access your profile settings, then account settings, and click “close account.” If there is anything we can help you with before you close your account, please let us know! We are happy to help.</p>\n"},{"question":"How do I submit my proof of referral ","answer":"<p>Referrals are a big part of the growing Craftly community, so thank you for being here with us! If you’ve made a referral via your link and your friend has created an account, your credits will reflect on your account automatically. If you posted a story, tiktok, or testimonial please follow the steps on the <a href=\"#\">Earn Page</a> for submission:</p>\n"},{"question":"How do I use the tools?","answer":"<p>Check out our “<a href=\"#\">How To</a>” pages here [Link to How To Page]! As a user, you can also access our private communities for more answers.</p>\n"},{"question":"What is the meaning of life?","answer":"<p>We get this question all the time! Why don’t you try asking Cai the answer? She’s got 175 billion search parameters, she has to be able to come up with something!</p>\n"}],"ctaTitle":"Make money monthly. </br> Earn up to 20% with Craftly.AI","ctaDescription":"Love getting Craftly with us? Earn passive income by referring friends, family, the girls you met in the bathroom at that bar that one time. Seriously, there is no limit.","ctaImage":{"sourceUrl":"https://craftly.ai/craftly-wp/wp-content/uploads/2021/07/cta-img-min.png"},"readMoreButtonLabel":"Read More","readMoreButtonUrl":null}}]}}}