{"data":{"allWpPage":{"nodes":[{"learn":{"bannerLogo":"Craftly.ai","bannerLearnButtonLabel":"Learn","bannerLearnButtonUrl":null,"bannerTitle":"Craftly.AI Academy","bannerDescription":"Our Education Center focuses on training, tutorials, and tips for using your Craftly.AI Copywriting Assistant more effectively. Start training and grow your business.","chatWithUsButtonLabel":"Chat With Us","chatWithUsButtonUrl":"https://www.tidio.com/talk/craftlyai","emailUsButtonLabel":"Email Us","emailId":"mailto:hello@craftly.ai"}}]}}}