{"data":{"allWpPage":{"nodes":[{"about":{"craftersTitle":"Crafters","craftersShortDescription":"Over the past year, we’ve formed a small but mighty team of A+ players, each with expansive knowledge and unparalleled attention to detail.","caiTitle":"Cai","caiSubTitle":"The Talent","caiDescription":"<p>Witty, sassy, a little moody &#8211; but she’s learning! Ask Cai to tell you what blog posts are trending, come up with your next business name, or write a heartfelt breakup letter. She can do everything but get your morning coffee (we&#8217;re working on that).</p>\n","caiImage":{"sourceUrl":"https://craftly.ai/craftly-wp/wp-content/uploads/2021/07/cai-image-min.png"},"teamList":[{"profileLink":"https://www.linkedin.com/in/imanbashir/","backgroundColorHashcode":"#EEFDFE","memberAvatar":{"sourceUrl":"https://craftly.ai/craftly-wp/wp-content/uploads/2021/07/bio-iman-icon-min.png"},"name":"Iman","designation":"Founder & Tech"},{"profileLink":null,"backgroundColorHashcode":"#FFF5F3","memberAvatar":{"sourceUrl":"https://craftly.ai/craftly-wp/wp-content/uploads/2021/07/bio-nicole-icon-min.png"},"name":"Nicole","designation":"Partner & Operations"},{"profileLink":null,"backgroundColorHashcode":"#F0F7FF","memberAvatar":{"sourceUrl":"https://craftly.ai/craftly-wp/wp-content/uploads/2021/07/bio-megan-icon-min.png"},"name":"Megan","designation":"Marketing"},{"profileLink":null,"backgroundColorHashcode":"#FFF5F3","memberAvatar":{"sourceUrl":"https://craftly.ai/craftly-wp/wp-content/uploads/2021/07/bio-talal-icon-min.png"},"name":"Talal","designation":"Software Ninjaneer"},{"profileLink":null,"backgroundColorHashcode":"#F2FEEE","memberAvatar":{"sourceUrl":"https://craftly.ai/craftly-wp/wp-content/uploads/2021/07/bio-ashan-icon-min.png"},"name":"Ashan","designation":"Artificial Intelligence Specialist"},{"profileLink":null,"backgroundColorHashcode":"#F2FEEE","memberAvatar":{"sourceUrl":"https://craftly.ai/craftly-wp/wp-content/uploads/2021/07/bio-saif-icon-min.png"},"name":"Saif","designation":"Machine Learning Specialist"},{"profileLink":null,"backgroundColorHashcode":"#EEFDFE","memberAvatar":{"sourceUrl":"https://craftly.ai/craftly-wp/wp-content/uploads/2021/07/bio-sam-icon-min.png"},"name":"Sam","designation":"Creative"},{"profileLink":null,"backgroundColorHashcode":"#F0F7FF","memberAvatar":{"sourceUrl":"https://craftly.ai/craftly-wp/wp-content/uploads/2021/07/bio-tanveer-icon-min.png"},"name":"Tanveer","designation":"Designer of All Things"},{"profileLink":null,"backgroundColorHashcode":"#FFF9F0","memberAvatar":{"sourceUrl":"https://craftly.ai/craftly-wp/wp-content/uploads/2021/07/bio-chintan-icon-min.png"},"name":"Chintan","designation":"Software Engineer"}]}}]}}}