{"data":{"allWpPage":{"nodes":[{"documentation":{"blogBuilder":{"title":"Blog Introduction","description":"<p>The first sentence that people read should captivate them. A good introduction will hook readers so that they NEED to read the rest of your content.</p>\n<p>A blog is a particularly interesting form of writing because it is so much more personal than, say, an expository essay. The writer is often speaking directly to the reader, so it’s important to address your readers immediately. Let them know what they’re getting into!</p>\n<p>Now that you have their attention, tell them how you’re going to help, and try to connect on an emotional level. The more you understand your reader the better, it is especially beneficial if you can paint a picture of their hopes and dreams.</p>\n<p>The blog post introduction should be informative, witty and captivating all at once &#8211; a hard combination to achieve for a mere mortal. That&#8217;s why we have created this list of tips on how you can create an effective blog post intro that not only intrigues your reader, but also tells them everything they need to know about the journey you’re about to take them on!</p>\n","stepsTitle":"Steps to Crafting Blogs with Cai","stepsList":[{"stepNo":"1","description":"What is your blog post title?"},{"stepNo":"2","description":"What do you want to write about? "},{"stepNo":"3","description":"Insert your target audience"},{"stepNo":"4","description":"Select a tone "},{"stepNo":"5","description":"Craft content"}],"tipsTitle":"Tips","tipsDescription":"<ul>\n<li>Use keywords from your blog’s title to describe your content</li>\n<li>Mention or expand on your target audience</li>\n<li>Expand on the point you’re trying to make Select the tone that best suits your intended audience </li>\n<li>Having trouble coming up with a blog topic? Cai can take care of that too! Check out our blog topic tool on the app!</li>\n</ul>\n","basicInputVsDetailedInput":"<h4>Check out the examples below to see the difference between basic and descriptive input:</h4>\n<table>\n<tbody>\n<tr>\n<th>Basic Input</th>\n<th>Detailed Input</th>\n</tr>\n<tr>\n<td><strong>Title Input:</strong> Vegan Recipes</td>\n<td><strong>Title Input:</strong> 17 Quick and Easy Vegan Dinners</td>\n</tr>\n<tr>\n<td><strong>Description Input:</strong> How to make vegan food.</td>\n<td><strong>Description Input:</strong> 17 vegan recipes that can be made in 30 minutes or less with simple ingredients you can find at any grocery store.</td>\n</tr>\n<tr>\n<td><strong>Output:</strong> Do you want to stop eating meat and start cooking delicious vegan meals? You want to know how to cook vegan food!</td>\n<td><strong>Output:</strong> There are so many reasons to eat vegan that you already know about. There&#8217;s the animal rights aspect, the environmental concern, the health aspect (so many vegan recipes are gluten-free), But the most enticing is the fact that vegan food is just plain delicious. But when it comes to getting started you might not know where to begin.</td>\n</tr>\n</tbody>\n</table>\n","contentCreationsTitle":null,"contentCreationsImage":{"sourceUrl":"https://craftly.ai/craftly-wp/wp-content/uploads/2021/11/blog-builder-image-min.jpg"}}}}]}}}