{"data":{"allWpPage":{"nodes":[{"home":{"tagsList":[{"tag":"Product Description"},{"tag":"General Ad Text"},{"tag":"Blog Writing"},{"tag":"Ecommerce"},{"tag":"Press Releases"},{"tag":"Bullets to Paragraphs"},{"tag":"Mission Statement"},{"tag":"Google Ad Text"},{"tag":"Real Estate Listings"},{"tag":"Growth Ideas"},{"tag":"Web Copy"},{"tag":"Rewriter"},{"tag":"Topic Generator"},{"tag":"Content Improver"},{"tag":"Summarizer"}],"blastThroughTitle":"Blast through writer’s block for good! Creatively YOU.","blastThroughDescription":"Would you believe us if we told you that a robot would be your new muse? Tell us what you want to write about, and allow Craftly to come up with something that will spark your creative flow.","seeExampleButtonLabel":"See Sample Copy","seeExampleButtonUrl":"https://craftly.ai/tools/","blastThroughDashboardImage":{"sourceUrl":"https://craftly.ai/craftly-wp/wp-content/uploads/2021/10/dashboard.png"},"ctaTitle":"Make money monthly. </br> Earn up to 30% with Craftly.AI","ctaDescription":"Love getting Craftly with us? Earn passive income by referring friends, family, the girls you met in the bathroom at that bar that one time. Seriously, there is no limit.","ctaImage":{"sourceUrl":"https://craftly.ai/craftly-wp/wp-content/uploads/2021/07/cta-img-min.png"},"startEarningButtonLabel":"Start Earning","startEarningButtonUrl":"https://craftly.ai/affiliate/"}}]}}}