{"data":{"allWpPage":{"nodes":[{"learn":{"videosTitle":"Videos","watchAllTutorialsLabel":"Coming soon ","watchAllTutorialsUrl":null}}]},"allWpPost":{"nodes":[{"title":"Write Long Form Content From Start to Finish","slug":"write-long-form-content-from-start-to-finish","featuredImage":{"node":{"sourceUrl":"https://craftly.ai/craftly-wp/wp-content/uploads/2021/07/start-finish-video-min.jpg"}}},{"title":"Tips and Tricks for Best Copy","slug":"tips-and-tricks-for-best-copy","featuredImage":{"node":{"sourceUrl":"https://craftly.ai/craftly-wp/wp-content/uploads/2021/07/tips-tricks-small-video-img-min.jpg"}}},{"title":"Optimize your Linkedin Profile","slug":"optimize-your-linkedin-profile","featuredImage":{"node":{"sourceUrl":"https://craftly.ai/craftly-wp/wp-content/uploads/2021/07/linkedin-video-min.jpg"}}}]}}}