{"data":{"allWpPage":{"nodes":[{"documentation":{"joinOurCommunities":{"title":"Join Our Communities","list":[{"logo":{"sourceUrl":"https://craftly.ai/craftly-wp/wp-content/uploads/2021/07/ic-facebook-min.png"},"title":"Official Facebook Group","description":"Let’s be Facebook friends! Join a group and connect with other Crafters around the world!","buttonLabel":"Join today","buttonUrl":"https://www.facebook.com/groups/562335751328055"},{"logo":{"sourceUrl":"https://craftly.ai/craftly-wp/wp-content/uploads/2021/07/ic-slack-min.png"},"title":"Slack Channel","description":"No slacking here! On our Slack Channel you can touch base with developers, marketers, and owners to share your insight!","buttonLabel":"Join the conversation","buttonUrl":"https://craftlyai.slack.com/"},{"logo":{"sourceUrl":"https://craftly.ai/craftly-wp/wp-content/uploads/2021/07/ic-forum-min.png"},"title":"Forum","description":"Ask and answer questions with other Craftly.ai lovers!","buttonLabel":"Coming Soon","buttonUrl":null}]}}}]}}}