{"data":{"allWpPage":{"nodes":[{"keapMarketing":{"salesFunnelTitle":"Using Craftly for content and Keap for customer relations<br/> will take your sales funnel to the next level","salesFunnelList":[{"description":"Capture and convert<br/> leads more efficiently","image":{"sourceUrl":"https://craftly.ai/craftly-wp/wp-content/uploads/2021/09/capture-and-convert.png"}},{"description":"Follow-up and get paid<br/> faster","image":{"sourceUrl":"https://craftly.ai/craftly-wp/wp-content/uploads/2021/09/follow-up.png"}},{"description":"Consolidate your tools<br/> into one place","image":{"sourceUrl":"https://craftly.ai/craftly-wp/wp-content/uploads/2021/09/consolidate.png"}}],"salesFunnelDescription":"Keap combines CRM, marketing and sales automation, and payments in one platform. The result? More sales. Less late nights. Craft Content with Craftly.AI, combine it with your Keap sales strategy, and you have a full circle solution for building, marketing and closing"}}]}}}