{"data":{"allWpPage":{"nodes":[{"learn":{"eventsTitle":"Events & Webinars","eventsWebinarsDescription":"Need help getting started? Attend a live training.","viewAllEventLabel":"View more Events","viewAllEventUrl":null,"eventsWebinarsList":[{"icon":{"sourceUrl":"https://craftly.ai/craftly-wp/wp-content/uploads/2021/07/ic-accelerated-onboarding-min.png"},"title":"Accelerated Onboarding","description":"Want to learn Craftly fast? We’ll work with you in 3 sessions to teach you all you need to know.","buttonLabel":"Register","buttonUrl":"https://calendly.com/craftlyai/live-training"},{"icon":{"sourceUrl":"https://craftly.ai/craftly-wp/wp-content/uploads/2021/07/ic-strategies-to-grow-your-business-min.png"},"title":"Strategies to Grow Your Business","description":"We’ll share our tips and tricks to manage your existing workflow and attract new customers!","buttonLabel":"Coming Soon","buttonUrl":null},{"icon":{"sourceUrl":"https://craftly.ai/craftly-wp/wp-content/uploads/2021/07/ic-digital-study-hall-min.png"},"title":"Digital Study Hall","description":"Can’t do a one on one? Get access to our online training sessions that work with your schedule!","buttonLabel":"Coming Soon","buttonUrl":null},{"icon":{"sourceUrl":"https://craftly.ai/craftly-wp/wp-content/uploads/2021/11/ic-seo-workshop.png"},"title":"SEO Workshop","description":"Tune in for 10 ways to see how AI can be used to improve your Google rankings","buttonLabel":"Register","buttonUrl":"https://craftly.ai/citymoguls-seo-workshop/"}]}}]}}}