{"data":{"allWpPage":{"nodes":[{"about":{"subscribeTitle":"We’re almost there","subscribeDescription":"Want early access to everything Craftly has to offer? Request access now!","footerCtaTitle":"Make money monthly. Earn up to 30% with Craftly.AI","footerCtaDescription":"Love getting Craftly with us? Earn passive income by referring friends, family, the girls you met in the bathroom at that bar that one time. Seriously, there is no limit.","footerCtaButtonLabel":"Start Earning","footerCtaButtonUrl":"https://form.typeform.com/to/XXMw4Nem?typeform-medium=embed-snippet","footerCtaImage":{"sourceUrl":"https://craftly.ai/craftly-wp/wp-content/uploads/2021/07/cta-img-min.png"}}}]}}}