{"data":{"allWpPage":{"nodes":[{"blogRightCardAndCat":{"ctaTitle":"Make money monthly. </br> Earn up to 20% with Craftly.AI","ctaDescription":"Love getting Craftly with us? Earn passive income by referring friends, family, the girls you met in the bathroom at that bar that one time. Seriously, there is no limit.","startEarningButtonLabel":"Start Earning","startEarningButtonUrl":"https://form.typeform.com/to/XXMw4Nem?typeform-medium=embed-snippet","ctaImage":{"sourceUrl":"https://craftly.ai/craftly-wp/wp-content/uploads/2021/07/cta-img-min.png"}}}]}}}