{"data":{"allWpPost":{"nodes":[{"author":{"node":{"name":"craftlyaiadmin","avatar":{"url":"https://secure.gravatar.com/avatar/d81bacb5f072ca30fe4d474d6e09c121?s=96&d=mm&r=g"}}},"slug":"ultimate-guide-to-seo-content-writing-in-2021","categories":{"nodes":[{"name":"Artificial Intelligence"}]},"date":"July 13, 2021","blogPost":{"nuberOfMinutesToRead":"5"},"featuredImage":{"node":{"sourceUrl":"https://craftly.ai/craftly-wp/wp-content/uploads/2021/07/blog-post-seo-guide-min.png"}},"title":"Ultimate Guide to SEO Content Writing in 2021"}]}}}