{"data":{"allWpPage":{"nodes":[{"home":{"partnersTitle":"Partners","partnersLogoList":[{"logo":{"sourceUrl":"https://craftly.ai/craftly-wp/wp-content/uploads/2021/07/logo-notion-min.png","title":"logo-notion-min"}},{"logo":{"sourceUrl":"https://craftly.ai/craftly-wp/wp-content/uploads/2021/07/logo-zendesk-min-min.png","title":"logo-zendesk-min-min"}},{"logo":{"sourceUrl":"https://craftly.ai/craftly-wp/wp-content/uploads/2021/07/logo-stripe.png","title":"logo-stripe"}},{"logo":{"sourceUrl":"https://craftly.ai/craftly-wp/wp-content/uploads/2021/07/logo-typeform-min-min.png","title":"logo-typeform-min-min"}}]}}]}}}