{"data":{"allWpPage":{"nodes":[{"documentation":{"blogTopics":{"title":"Blog Topics","description":"<p>Fun fact: there are over 600 million blogs on the internet today. They’re not all good, but they do exist online, which means your reader will have to wade through them to get to your content. So how do you make your content relevant and interesting enough to get your blog post to the top of search results?</p>\n","stepsTitle":"Steps to Crafting Blog Topics with Cai","stepsList":[{"stepNo":"1","description":"What is your name / brand"},{"stepNo":"2","description":"Describe your blog"},{"stepNo":"3","description":"Craft content "}],"tipsTitle":"Tips","tipsDescription":"<ul>\n<li>We recommend using a feature like <a href=\"https://trends.google.com/trends/?geo=US\" target=\"_blank\" rel=\"noopener\">Google Trends</a> to see what people are looking for to get a great blog topic</li>\n<li>Use keywords to generate more traffic on your blog</li>\n<li>Use a <a href=\"https://www.wikipedia.org/\" target=\"_blank\" rel=\"noopener\">wikipedia</a> description to give to Cai content to work with</li>\n<li>Having trouble coming up with a blog intro? Cai can take care of that too! Check out our blog intro tool on the app!</li>\n</ul>\n","contentCreationsTitle":null,"contentCreationsImage":null}}}]}}}