{"data":{"allWpPage":{"nodes":[{"home":{"valueGrowList":[{"icon":{"sourceUrl":"https://craftly.ai/craftly-wp/wp-content/uploads/2021/07/ic-original-min.png"},"title":"No Need to Credit","description":"Craftly.AI uses advanced natural language processing to construct original outputs! You never need to source Craftly for your work, it’s our little secret!"},{"icon":{"sourceUrl":"https://craftly.ai/craftly-wp/wp-content/uploads/2021/07/ic-policy-min.png"},"title":"No Need to Call the Grammar Police","description":"Craftly.AI robots will never mix up they’re there and their. Think of it like this - every grammar and punctuation guide, Craftly’s AI has read it."},{"icon":{"sourceUrl":"https://craftly.ai/craftly-wp/wp-content/uploads/2021/07/ic-global-min.png"},"title":"Get Global with Your Writing","description":"Craftly.AI is learning over 10 different languages! È tempo di creare!"},{"icon":{"sourceUrl":"https://craftly.ai/craftly-wp/wp-content/uploads/2021/07/entrepreneur-pusher-min.png"},"title":"Expand With Us","description":"No matter how you choose to pay, you’ll get full access and automatic updates. No hidden fees. It’s a no-brainer."},{"icon":{"sourceUrl":"https://craftly.ai/craftly-wp/wp-content/uploads/2021/07/ic-copy-min.png"},"title":"You Own the Copy","description":"You can access all of your copy in the app. All copy crafted and copied is owned by you."},{"icon":{"sourceUrl":"https://craftly.ai/craftly-wp/wp-content/uploads/2021/07/ic-envalop-min.png"},"title":"Free Trial, No Risk","description":"Get Craftly.AI and try it 5 days free. Not happy with your purchase? Email us and we’ll give you an immediate refund. No hard feelings. "}]}}]}}}