{"data":{"allWpPage":{"nodes":[{"home":{"humanVersusTitle":"Human versus AI? </br> Guess which is human?","voteADescription":"Time for an update on the classic, designer-labelled little black dress. Ultra-feminine, beautifully tailored and perfectly accentuated by a bold strap, the Candice is one of our most popular dresses. Its flirtatious plunge neckline is teamed with easy to wear tassel ties that allow you to adjust its fit. Subtle centre back pleats offer body and movement whilst the split asymmetric hem adds elegance and style. Meet your newest staple.","voteAButtonLabel":"Vote A","voteAButtonUrl":null,"humanVersusImage":null,"voteBDescription":"Wear the dress. The Marlowe is slim fitting throughout, with a v neckline and a small front slit. It gives you a little shape without being too snug. The Marlowe Dress pairs well with the Mandy Minimal Block Heel Mule. Make an impressive exit. The Hex is fitted throughout with a straight neckline and non-adjustable straps. It features an open back that has a twist detail. It's tight-fitting in the waist for some extra definition.","voteBButtonLabel":"Vote B","voteBButtonUrl":null}}]}}}