{"data":{"allWpPage":{"nodes":[{"documentation":{"home":{"documentationTitle":"Documentation","documentationSubTitle":"Welcome to Craftly.AI","documentationDescription":"<p><b>Craftly.AI can do the extraordinary! That being said, if you’re accustomed to the traditional way of writing this unconventional approach might be a bit jarring. So we wrote this manifesto to provide you with everything you need to survive and thrive in content marketing! Whether it’s your first day or one-thousandth, we will help you understand how to grow with Craftly.AI, from making the most of features to navigating our interface.</b></p>\n<p>This manifesto belongs to you. Read it. Tweet it. Customize it. Keep it close when you swim into the deep end.</p>\n<p>On the left, we’ve listed all the tools and how to make the most of them. For visual learners, we have introductory tutorial videos for each.</p>\n","dashboardImage":null,"getStarted":{"getStartedTitle":"Get Started:","getStartedList":[{"icon":{"sourceUrl":"https://craftly.ai/craftly-wp/wp-content/uploads/2021/07/ic-collaborate-min.png"},"title":"Collaborate with Teams","description":"Coming Soon."},{"icon":{"sourceUrl":"https://craftly.ai/craftly-wp/wp-content/uploads/2021/07/ic-seperate-min.png"},"title":"Seperate your Projects Via Campaigns","description":"Each project you create on Craftly will keep track of all of the copy you’ve generated, copied, and loved."},{"icon":{"sourceUrl":"https://craftly.ai/craftly-wp/wp-content/uploads/2021/07/ic-choosing-tones-min.png"},"title":"Choosing Tones","description":"Change the wording and attitude of your output! By choosing a specific tone, you’re giving the AI the opportunity to sound more like you, or at least sound like the person you want to be."}]}}}}]}}}