{"data":{"allWpPage":{"nodes":[{"about":{"aboutTitle":"About Craftly.AI","aboutRightDescription":"<p>We’re not your usual content writing platform.<br />\nWe’re not a digital marketing company.<br />\nWe’re not a copywriter shop either.</p>\n<p>Cai is your AI-Powered copywriter, and Craftly.AI is your team of sidekicks.</p>\n<p>you are the protagonist of your story.<br />\nThe one who fights the dragons and rescues the princess.<br />\nUs? We’re just here to help you look good (and convert).</p>\n<h5>Content is everywhere. You can’t escape it &#8211; <strong>So let us help you embrace it.</strong></h5>\n","aboutImage":{"sourceUrl":"https://craftly.ai/craftly-wp/wp-content/uploads/2021/07/about-image-min.jpg"},"aboutBottomDescription":"<p>At Craftly.AI, we believe there is a better way to do content. A more valuable way where you are inspired rather than stuck. We’re obsessively passionate about it, and our mission is to find different ways to create with it. We focus on tools using artificial intelligence and machine learning to learn how you like it. It’s just the beginning and we see that as an opportunity. We’re excited to simplify content for everyone through our application, education, and community.</p>\n"}}]}}}