{"data":{"allWpPage":{"nodes":[{"documentation":{"bulletPointsToParagraph":{"title":"Bullet Points to Paragraph","description":"<p>Once you have your title you will need to start crafting your article. You may find that you have the vague ideas of what you’d like to discuss, but not the specific wording for an entire post. The Bullet Point to Paragraph tool is designed for exactly that!</p>\n","stepsTitle":"Steps to Turn Bullet Points into a Paragraph with Cai","stepsList":[{"stepNo":"1","description":"Topic"},{"stepNo":"2","description":"What Points do you Want to Hit?"},{"stepNo":"3","description":"Insert your Target Audience"},{"stepNo":"4","description":"Select a Tone"},{"stepNo":"5","description":"Craft Content"}],"tipsTitle":"Tips","tipsDescription":"<ul>\n<li>Be detailed yet concise; each bullet point should be one line in length</li>\n<li>Use bullet points to outline the main points you’d like to get across in your paragraph </li>\n<li>Include any keywords or audience targets </li>\n<li>Having trouble coming up with a topic? Cai can take care of that too! Check out our Blog Topic tool on the app!</li>\n</ul>\n","contentCreationsTitle":null,"contentCreationsImage":{"sourceUrl":"https://craftly.ai/craftly-wp/wp-content/uploads/2021/07/bullet-points-to-paragraph-min.jpg"}}}}]}}}