{"data":{"allWpPage":{"nodes":[{"tempesta":{"tempestaCardList":[{"cardImage":{"sourceUrl":"https://craftly.ai/craftly-wp/wp-content/uploads/2021/10/ic-content-marketing.png"},"cardInfo":"<ul>\n<li>Content Development</li>\n<li>Content Publication</li>\n<li>Editorial Calendars</li>\n</ul>\n","cardTitle":"Content <br/> Marketing"},{"cardImage":{"sourceUrl":"https://craftly.ai/craftly-wp/wp-content/uploads/2021/10/ic-social-media.png"},"cardInfo":"<ul>\n<li>Social Posts Development</li>\n<li>Curated Social Posts</li>\n<li>Follower Outreach</li>\n</ul>\n","cardTitle":"Social <br/> Media"},{"cardImage":{"sourceUrl":"https://craftly.ai/craftly-wp/wp-content/uploads/2021/10/ic-email.png"},"cardInfo":"<ul>\n<li>Email Nurturing</li>\n<li>Newsletters</li>\n<li>Account-based Marketing</li>\n</ul>\n","cardTitle":"Email"},{"cardImage":{"sourceUrl":"https://craftly.ai/craftly-wp/wp-content/uploads/2021/10/ic-influencer.png"},"cardInfo":"<ul>\n<li>Influencer Research</li>\n<li>Micro-influencer Campaigns</li>\n<li>Employee Advocacy Program</li>\n</ul>\n","cardTitle":"Influencer"},{"cardImage":{"sourceUrl":"https://craftly.ai/craftly-wp/wp-content/uploads/2021/10/ic-seo.png"},"cardInfo":"<ul>\n<li>On-site optimization</li>\n<li>Inbound link campaigns</li>\n<li>Content syndication</li>\n</ul>\n","cardTitle":"SEO"}]}}]}}}