{"data":{"allWpPage":{"nodes":[{"affiliate":{"bannerLogo":"Craftly.ai","bannerLearnButtonLabel":"Partner","bannerLearnButtonUrl":null,"bannerTitle":"Make money monthly.  </br> Earn 30% with Craftly.AI","bannerDescription":"Love getting Craftly with us? Earn passive income by referring friends, family, the girls you meet in the bathroom at that bar that one time. Seriously, there is no limit. ","chatWithUsButtonLabel":"Apply","chatWithUsButtonUrl":"https://partner.craftly.ai/","viewDemoButtonLabel":"Craftly App","viewDemoButtonUrl":"https://app.craftly.ai/","affiliateTagsList":[{"tag":"Ecommerce"},{"tag":"Blog Writing"},{"tag":"Mission Statement"},{"tag":"Feature List"},{"tag":"Article Writing"},{"tag":"Press Releases"},{"tag":"Topic Generator"},{"tag":"Rewriter"},{"tag":"Blog Intro"},{"tag":"Blog Blurb"},{"tag":"Mission Statement"},{"tag":"Feature List"},{"tag":"Company Voice"},{"tag":"Name Generator"},{"tag":"Blog Topics"},{"tag":"Rewriter"},{"tag":"Blog Intro"},{"tag":"Blog Blurb"}],"earningPotentialTitle":"Earning potential","earningPotentialDescription":"Conservative numbers of how much you can make at the lowest tier.","productSellsList":[{"title":"The product that sells itself","description":"<p>Add us to your offering, this product can be used by anyone.</p>\n<p>You’ll earn 30% on every sign up! depending on which plan they choose and be able to withdraw your rewards via your own dashboard.</p>\n<p>Pitch decks, support channels, video resources, assets -All marketing material organized to use at your disposal.</p>\n","image":{"sourceUrl":"https://craftly.ai/craftly-wp/wp-content/uploads/2021/10/product-shell.png"}},{"title":"55+ Tools with quality to back us","description":"<p>Emails, blog posts, and even essays! With 55+ tools (more coming soon!) Craftly.ai has the power to create content for every occasion. Once you recommend us, your people won’t know what you did without us and they’ll have you to thank.</p>\n<p>Hook them up with our 5-day free trial to let our tools speak for themselves.</p>\n","image":{"sourceUrl":"https://craftly.ai/craftly-wp/wp-content/uploads/2021/10/tools.png"}},{"title":"Refer with confidence","description":"<p>We would never ask you to promote something we wouldn’t promote. That’s why we have a full team constantly working on feedback, creating support videos and demos to make Craftly.ai the best it can be for you and your friends.</p>\n<p>After the sign up, leave everything to us. We have systems for onboarding, email flows, and a whole team for support to handle your referrals.</p>\n","image":{"sourceUrl":"https://craftly.ai/craftly-wp/wp-content/uploads/2021/07/confidence-image-min.png"}}],"youHaveTitle":"You have the audience, we have the product.","youHaveSubTitle":"Who can become an affiliate?","audienceList":[{"title":"Agencies","description":"Tell your clients. We create punchy, readable content to engage and persuade your audience. Whether you’re building a new website, launching a mobile app or overhauling sales materials—we have the right words to help you stand out from the crowd. The best part? It is all 100% original!"},{"title":"Marketing gurus","description":"Upsell us! A jolt of fresh copy can power up a whole marketing campaign as we cohesively orchestrate connections between messages, visuals and audio components in print and online formats for your business"},{"title":"Speakers","description":"Can’t find the right opening line? We’ll craft one for you! Well researched, exciting, text in minutes. Bonus: it actually sounds human! Then tell your audience who helped you and actually make money off of it."},{"title":"Influencers & affiliate marketers","description":"Tired of being paid one time for a post that stays up forever or annoying your audience by selling your soul for vitamins that don’t work. Put that following to good use and earn for what you’ve built."},{"title":"Students","description":"Friends share their secret to writing the best essays. We have a whole section dedicated to helping students! Oh what’s that? You paid off your student debt? You’re welcome."}]}}]}}}