{"data":{"allWpPage":{"nodes":[{"scholarship":{"winnersTopTitle":"Craftly Scholarship","winnersTitle":"Announced","winnersDate":"January 2021","winnerLeftImage":null,"winnerRightImage":null,"winnerSecondRightImage":null,"winnerSelectionTitle":"Winner Selection","winnerSelectionDescription":"<p>After submissions close, all applications will be reviewed by a panel of judges where a winner will be selected by January 30th. The winner is not only selected based on merit, but also of the originality and creativity of content. Assuming all criteria are met, the most insightful and promising application will be chosen. Once validated, the school of the winner’s financial aid department will receive a cheque.</p>\n<p>Privacy is huge at Craftly.AI. By submitting an application, you are giving us consent to use your name and college or medical school name on this site and marketing channels. We will not sell, share or distribute your personal information with any 3rd parties without your consent. By participating, you are giving consent for us to contact you via email and phone solely for scholarship purposes. You are also giving us consent to use your name and school identifications, photo and your submission on our website and social media, without further compensation or payment to you.</p>\n<p><strong>Frequently Asked Questions</strong><br />\nAre awards open to high school students?<br />\nNot right now. </p>\n<p>How many winners will there be?<br />\nJust one, but check back every semester for new scholarships.</p>\n<p>Is a video mandatory or preferred?<br />\nNo. We added the video submission to allow for more accessibility for students that may not be able to submit a written response. There is no preference. </p>\n<p>Can I see the winning submission?<br />\nFor transparency, we will post the winning submission on our channels. </p>\n<p>How will the money be granted?<br />\nThe winner will receive a cheque towards their enrolled school which will be credited for academic costs and/or tuition. The funds are non-renewable and are distributed by your University.</p>\n<p>Are there any disqualifiers?<br />\nPlagarism, not meeting the criteria, multiple and late entries.</p>\n<p>Will you contact my school?<br />\nYes. By applying, you are giving us permission to contact your school for confirmation of admission and attendance purposes.</p>\n<p>Will I be responsible for taxes?<br />\nWe are not held responsible for any tax obligations. That includes payment to any applicable state and federal income taxes.</p>\n<p>Can you send me cash?<br />\nTo prevent fraud, funds must be paid via an institution not an individual.</p>\n<p>Every how often will this happen?<br />\nCraftly.AI intends on running every academic semester; however, Craftly.AI reserves the right to make changes or terminate the program at any time assuming there are no opportunities open.</p>\n"}}]}}}