{"data":{"allWpPage":{"nodes":[{"privacyPolicy":{"title":"Privacy Policy","intro":"<p>Craft.ai (“Craftly.ai,” “we,” “us,” and “our”) provides an Artificial Intelligence Assisted copywriting tool. This Privacy Notice is designed to help you understand how we collect, use, and share your personal information and to help you understand and exercise your privacy rights.</p>\n","points":"<div class=\"policy-points\">\n<h4>1. Scope</h4>\n<p>This Privacy Notice is applicable to personal information processed by us on our website, our app, our services offered via the website and/or app, and our related online and offline offerings. To make this Privacy Notice easier to read, our websites, our services offered via the website, app, and our related offerings are collectively called “Services.”</p>\n<h4>2. Changes to our Privacy Notice</h4>\n<p>We may revise this Privacy Notice from time to time at our sole discretion. If there are any material changes to this Privacy Notice, we will notify you by posting them on our website and require you to accept them before you may continue to use the Services. If you continue to use the service once the Privacy Notice is displayed online, you are agreeing to the changes.</p>\n<h4>3. Personal Information Collect</h4>\n<p>e collect information that you provide to us, information we obtain automatically when you use our Services, and information from other sources such as third-party services and organizations, as described below. The categories of personal information we collect depend on how you interact with us, our Services and the requirements of applicable law.</p>\n<div class=\"small-points\">\n<h6>A. Information Directly Provided Us</h6>\n<p>We may collect the following personal information as provided:</p>\n<ol>\n<li><strong>Creating an Account.</strong><br />\nWe may collect information when you create an account, such as name and email address.</li>\n<li><strong>Purchases.</strong><br />\nWe may, or our third-party payment Service, may collect personal information and details associated with your purchases, including payment information. In some cases, you may need to provide servers with additional information to verify your identity before completing a transaction. Any payments made via our Services are processed by third-party payment processors. We do not directly collect or store any payment card information entered through our Services, but we may receive information associated with your payment card information (e.g., your billing details).</li>\n<li><strong>Your Communications with Us.</strong><br />\nWe may collect personal information, such as email address, phone number, or mailing address when you request information about our Services, register for our newsletter or marketing, apply for a job, request customer or technical support or otherwise communicate with us.</li>\n<li><strong>Surveys.</strong><br />\nWe may contact you to participate in surveys. If you decide to participate, you may be asked to provide certain information which may include personal information.</li>\n<li><strong>Interactive Features.</strong><br />\nWe and others who use our Services may collect personal information that you submit or make available through our interactive features (e.g., collaboration tools, commenting functionalities, forums, blogs, messaging and chat features, and social media pages). Any information you provide on the public sections of these features will be considered “public,” unless otherwise required by applicable law, and is not subject to the privacy protections referenced herein.</li>\n<li><strong>Sweepstakes or Contests.</strong><br />\nWe may collect personal information you provide for any sweepstakes or contests that we offer. In some jurisdictions, we are required to publicly share information of sweepstakes and contest winners.</li>\n<li><strong>Conferences, Trade Shows, and Other Events.</strong><br />\nWe may collect personal information from individuals when we attend conferences, trade shows, and other events.</li>\n<li><strong>Business Development and Strategic Partnerships.</strong><br />\nWe may collect personal information from individuals and third parties to assess and pursue potential business opportunities.</li>\n<li><strong>Job Applications.</strong><br />\nWe may post job openings and opportunities on our Services. If you reply to one of these postings by submitting your application, CV and/or cover letter to us, we will collect and use your information to assess your qualifications.</li>\n</ol>\n<h6>B. Information Collected Automatically</h6>\n<p>We may collect personal information automatically when you use our Services:</p>\n<ol>\n<li><strong>Automatic Data Collection.</strong><br />\nWe may collect certain information automatically when you use our Services, such as user settings, your Internet protocol (IP) address, cookie identifiers, MAC address, mobile carrier, mobile advertising and other unique identifiers, browser or device information, location information (including approximate location derived from IP address), and Internet service provider. We may also automatically collect information regarding your use of our Services, such as pages that you visit before, during and after using our Services, information about the links you click, the types of content you interact with, the frequency and duration of your activities, and other information about how you use our Services. In addition, we may collect information that other people provide about you when they use our Services, including information about you when they tag you.</li>\n<li><strong>Cookies, Pixel Tags/Web Beacons, and Other Technologies.</strong><br />\nWe, as well as third parties that provide content, advertising, or other functionality on our Services, may use cookies, pixel tags, local storage, and other technologies (“Technologies”) to automatically collect information through your use of our Services.</li>\n<li><strong>Cookies.</strong><br />\nCookies are small text files placed in device browsers that store preferences and facilitate and enhance your experience.</li>\n<li><strong>Pixel Tags/Web Beacons.</strong><br />\nA pixel tag (also known as a web beacon) is a piece of code embedded in our Services that collects information about engagement on our Services. The use of a pixel tag allows us to record, for example, that a user has visited a particular web page or clicked on a particular advertisement. We may also include web beacons in e-mails to understand whether messages have been opened, acted on, or forwarded.</li>\n</ol>\n<p>Our uses of these Technologies fall into the following general categories:</p>\n<ol>\n<li><strong>Operationally Necessary.</strong><br />\nThis includes Technologies that allow you access to our Services, applications, and tools that are required to identify irregular website behavior, prevent fraudulent activity and improve security or that allow you to make use of our functionality;</li>\n<li><strong>Performance-Related.</strong><br />\nWe may use Technologies to assess the performance of our Services, including as part of our analytic practices to help us understand how individuals use our Services (see Analytics below);</li>\n<li><strong>Functionality-Related.</strong><br />\nWe may use Technologies that allow us to offer you enhanced functionality when accessing or using our Services. This may include identifying you when you sign into our Services or keeping track of your specific preferences, interests, or past items viewed;</li>\n<li><strong>Advertising- or Targeting-Related.</strong><br />\nWe may use first party or third-party Technologies to deliver content, including ads relevant to your interests, on our Services or on third-party websites.</li>\n<li><strong>Analytics.</strong><br />\nWe may use Technologies and other third-party tools to process analytics information on our Services. Some of our analytics partners include Google Analytics.</li>\n<li><strong>Social Media Platforms.</strong><br />\nOur Services may contain social media buttons (that might include widgets such as the “share this” button or other interactive mini programs). These features may collect your IP address, which page you are visiting on our Services, and may set a cookie to enable the feature to function properly. Your interactions with these platforms are governed by the Privacy Notice of the company providing it.</li>\n</ol>\n<h6>C. Information Collected from Other Sources</h6>\n<p>We may obtain information about you from other sources, including through third-party services and organizations. For example, if you access our Services through a third-party application, such as an app store, a third-party login service, or a social networking site, we may collect information about you from that third-party application that you have made available via your privacy settings.</p>\n</div>\n<h4>4. How we use your Information</h4>\n<p>We use your information for a variety of business purposes, including to provide our Services, for administrative purposes, and to market our products and Services, as described below.</p>\n<div class=\"small-points\">\n<h6>A. Provide Our Services</h6>\n<p>We use your information to fulfil our contract with you and provide you with our Services, such as:</p>\n<ul>\n<li>Managing your information and accounts;</li>\n<li>Providing access to certain areas, functionalities, and features of our Services;</li>\n<li>Communicating with you about your account, activities on our Services, and policy changes;</li>\n<li>Processing your financial information and other payment methods for products or Services purchased;</li>\n<li>Answering requests for customer or technical support;</li>\n<li>Processing applications if you apply for a job, we post on our Services; and</li>\n<li>Allowing you to register for events.</li>\n</ul>\n<h6>B. Administrative Purposes</h6>\n<p>We use your information for various administrative purposes, such as:</p>\n<ul>\n<li>Pursuing our legitimate interests such as direct marketing, research and development (including marketing research), network and information security, and fraud prevention;</li>\n<li>Detecting security incidents, protecting against malicious, deceptive, fraudulent or illegal activity, and prosecuting those responsible for that activity;</li>\n<li>Measuring interest and engagement in our Services;</li>\n<li>Developing new products and Services;</li>\n<li>Ensuring internal quality control and safety;</li>\n<li>Short-term, transient use, such as contextual customization of ads;</li>\n<li>Improving, upgrading or enhancing our Services;</li>\n<li>Authenticating and verifying individual identities;</li>\n<li>Debugging to identify and repair errors with our Services;</li>\n<li>Enforcing our agreements and policies; and</li>\n<li>Complying with our legal obligations.</li>\n<li>Auditing relating to interactions, transactions and other compliance activities;</li>\n</ul>\n<h6>C. Marketing and Advertising our Products and Services</h6>\n<p>We may use personal information to tailor and provide you with content and advertisements. We may provide you with these materials as permitted by applicable law.</p>\n<p>Some of the ways we may market to you include email campaigns, custom audiences advertising, and “interest-based” or “personalized advertising,” including through cross-device tracking.</p>\n<p>If you have any questions about our marketing practices or if you would like to opt out of the use of your personal information for marketing purposes, you may contact us at any time as set forth below.</p>\n<h6>D. Other Purposes</h6>\n<p>We also use your information for other purposes as requested by you or as permitted by applicable law.</p>\n<ol>\n<li><strong>Consent.</strong><br />\nWe may use personal information for other purposes that are clearly disclosed to you at the time you provide personal information or with your consent.</li>\n<li><strong>Share Content with Friends or Colleagues.</strong><br />\nOur Services may offer various tools and functionalities. For example, we may allow you to provide information about your friends or colleagues through our referral services. Our referral services may allow you to forward or share certain content with a friend or colleague, such as an email inviting your friend to use our Services.</li>\n<li><strong>De-identified and Aggregated Information.</strong><br />\nWe may use personal information and other information about you to create de-identified and/or aggregated information, such as de-identified demographic information, de-identified location information, information about the device from which you access our Services, or other analyses we create.</li>\n</ol>\n</div>\n<h4>5. How we Disclose your Information</h4>\n<p>We disclose your information to third parties for a variety of business purposes, including to provide our Services, to protect us or others, or in the event of a major business transaction such as a merger, sale, or asset transfer, as described below.</p>\n<div class=\"small-points\">\n<h6>A. Disclosures to Provide our Services</h6>\n<p>The categories of third parties with whom we may share your information are described below.</p>\n<ol>\n<li><strong>Service Providers.</strong><br />\nWe may share your personal information with our third-party service providers who use that information to help us provide our Services. This includes service providers that provide us with IT support, hosting, payment processing, customer service, and related services.</li>\n<li><strong>Other Craftly.</strong><br />\nai Users at Your Direction. When you use the Services, including Craftly.ai’s interactive features, you may direct Craftly.ai to share certain information with other Craftly.ai users. This information can include personal information about yourself and details about your work and your use of the Services.</li>\n<li><strong>Business Partners.</strong><br />\nWe may share your personal information with business partners to provide you with a product or service you have requested. We may also share your personal information to business partners with whom we jointly offer products or services.</li>\n<li><strong>Advertising Partners.</strong><br />\nWe may share your personal information with third-party advertising partners. These third-party advertising partners may set Technologies and other tracking tools on our Services to collect information regarding your activities and your device (e.g., your IP address, cookie identifiers, page(s) visited, location, time of day). These advertising partners may use this information (and similar information collected from other services) for purposes of delivering personalized advertisements to you when you visit digital properties within their networks. This practice is commonly referred to as “interest-based advertising” or “personalized advertising.”</li>\n<li><strong>Affiliates. </strong><br />\nWe may share your personal information with our company affiliates, for our administrative purposes including activities such as IT management, for them to provide services to you, or to support and supplement the Services we provide.</li>\n<li><strong>APIs/SDKs.</strong><br />\nWe may use third-party application program interfaces (“APIs”) and software development kits (“SDKs”) as part of the functionality of our Services. For more information about our use of APIs and SDKs, please contact us as set forth below.</li>\n</ol>\n<h6>B. Disclosures to Protect Us or Others</h6>\n<p>We may access, preserve, and disclose any information we store associated with you to external parties if we, in good faith, believe doing so is required or appropriate to: comply with law enforcement or national security requests and legal process, such as a court order or subpoena; protect your, our, or others’ rights, property, or safety; enforce our policies or contracts; collect amounts owed to us; or assist with an investigation or prosecution of suspected or actual illegal activity.</p>\n<h6>C. Disclosure in the Event of Merger, Sale, or Other Asset Transfers</h6>\n<p>If we are involved in a merger, acquisition, financing due diligence, reorganization, bankruptcy, receivership, purchase or sale of assets, or transition of service to another provider, your information may be sold or transferred as part of such a transaction, as permitted by law and/or contract.</p>\n</div>\n<h4>6. Your Privacy Choices and Rights</h4>\n<p>Your Privacy Choices. The privacy choices you may have about your personal information are determined by applicable law and are described below.</p>\n<div class=\"small-points\">\n<ol>\n<li><strong>Email Communications.</strong><br />\nIf you receive an unwanted email from us, you can use the unsubscribe link found at the bottom of the email to opt out of receiving future emails. Note that you will continue to receive transaction-related emails regarding products or Services you have requested. We may also send you certain non-promotional communications regarding us and our Services, and you will not be able to opt out of those communications (e.g., communications regarding our Services or updates to our Terms of Service or this Privacy Notice).</li>\n<li><strong>“Do Not Track.”</strong><br />\nDo Not Track (“DNT”) is a privacy preference that users can set in certain web browsers. Please note that we do not respond to or honor DNT signals or similar mechanisms transmitted by web browsers.</li>\n<li><strong>Cookies and Interest-Based Advertising.</strong><br />\nYou may stop or restrict the placement of Technologies on your device or remove them by adjusting your preferences as your browser or device permits. However, if you adjust your preferences, our Services may not work properly. Please note that cookie-based opt-outs are not effective on mobile applications. You may opt out.<br />\nThe online advertising industry also provides websites from which you may opt out of receiving targeted ads from data partners and other advertising partners that participate in self-regulatory programs. Please note you must separately opt out in each browser and on each device.</li>\n</ol>\n<p>Your Privacy Rights. In accordance with applicable law, you may have the right to:</p>\n<ul>\n<li>Access Personal Information about you, including: (i) confirming whether we are processing your personal information; (ii) obtaining access to or a copy of your personal information;</li>\n<li>Request Deletion, Anonymization or Blocking of your personal information when processing is based on your consent or when processing is unnecessary, excessive or noncompliant;</li>\n<li>Request Restriction of or Object to our processing of your personal information;</li>\n<li>Withdraw Your Consent to our processing of your personal information. If you refrain from providing personal information or withdraw your consent to processing, some features of our Service may not be available;</li>\n<li>Request Correction of your personal information where it is inaccurate, incomplete or outdated. In some cases, we may provide self-service tools that enable you to update your personal information;</li>\n<li>Request a portable copy of your personal information;</li>\n<li>Be Informed about third parties with which your personal information has been shared; and</li>\n<li>Request the Review of decisions taken exclusively based on automated processing if that could affect data subject rights.</li>\n</ul>\n</div>\n<h4>7. Security of your Information</h4>\n<p>We take steps to ensure that your information is treated securely and in accordance with this Privacy Notice. Unfortunately, no system is 100% secure, and we cannot ensure or warrant the security of any information you provide to us. To the fullest extent permitted by applicable law, we do not accept liability for unauthorized disclosure.</p>\n<p>By using our Services or providing personal information to us, you agree that we may communicate with you electronically regarding security, privacy, and administrative issues relating to your use of our Services. If we learn of a security system’s breach, we may attempt to notify you electronically by posting a notice on our Services, by mail or by sending an email to you.</p>\n<h4>8. International Data Transfers</h4>\n<p>All information processed by us may be transferred, processed, and stored anywhere in the world, including, but not limited to, the United States, Canada or other countries, which may have data protection laws that are different from the laws where you live. We endeavor to safeguard your information consistent with the requirements of applicable laws.</p>\n<h4>9. Retention of Personal Information</h4>\n<p>We store the personal information we collect as described in this Privacy Notice for as long as you use our Services or as necessary to fulfill the purpose(s) for which it was collected, provide our Services, resolve disputes, establish legal defenses, conduct audits, pursue legitimate business purposes, enforce our agreements, and comply with applicable laws.</p>\n<h4>10. Supplemental Notice for California Residents</h4>\n<p>This Supplemental California Privacy Notice only applies to our processing of personal information that is subject to the California Consumer Privacy Act of 2018 (“CCPA”). The CCPA provides California residents with the right to know what categories of personal information Craftly.ai has collected about them and whether Craftly.ai disclosed that personal information for a business purpose (e.g., to a service provider) in the preceding 12 months. California residents can find this information below:</p>\n<p>No information has been disclosed or collected at the time of this Privacy Policy. Privacy Policy is subject to change at our sole discretion at any time.</p>\n<p>The categories of sources from which we collect personal information and our business and commercial purposes for using personal information are set forth above.</p>\n<p>Additional Privacy Rights for California Residents</p>\n<p>“Sales” of Personal Information under the CCPA. For purposes of the CCPA, Craftly.ai does not “sell” personal information, nor do we have actual knowledge of any “sale” of personal information of minors under 16 years of age.<br />\nNon-Discrimination. California residents have the right not to receive discriminatory treatment by us for the exercise of their rights conferred by the CCPA.</p>\n<p>Authorized Agent. Only you, or someone legally authorized to act on your behalf, may make a verifiable consumer request related to your personal information. To designate an authorized agent, please contact us as set forth below.<br />\nVerification. When you make a request, we will ask you to provide sufficient information that allows us to reasonably verify you are the person about whom we collected personal information or an authorized representative, which may include confirming the email address associated with any personal information we have about you.</p>\n<p>If you are a California resident and would like to exercise any of your rights under the CCPA, please contact us as set forth below. We will process such requests in accordance with applicable laws.</p>\n<p>California Shine the Light. The California “Shine the Light” law permits users who are California residents to request and obtain from us once a year, free of charge, a list of the third parties to whom we have disclosed their personal information (if any) for their direct marketing purposes in the prior calendar year, as well as the type of personal information disclosed to those parties.</p>\n<h4>11. Supplemental Notice for Nevada Residents</h4>\n<p>If you are a resident of Nevada, you have the right to opt-out of the sale of certain personal information to third parties who intend to license or sell that personal information. You can exercise this right by contacting us as set forth below with the subject line “Nevada Do Not Sell Request” and providing us with your name and the email address associated with your account. Please note that we do not currently sell your personal information as sales are defined in Nevada Revised Statutes Chapter 603A.</p>\n<h4>12. Children’s Information</h4>\n<p>The Services are not directed to children under 13 (or other age as required by local law), and we do not knowingly collect personal information from children. If you learn that your child has provided us with personal information without your consent, you may contact us as set forth below. If we learn that we have collected a child’s personal information in violation of applicable law, we will promptly take steps to delete such information.</p>\n<h4>13. Third-party Websites/Applications</h4>\n<p>The Services may contain links to other websites/applications and other websites/applications may reference or link to our Services. These third-party services are not controlled by us. We encourage our users to read the privacy policies of each website and application with which they interact. We do not endorse, screen or approve, and are not responsible for, the privacy practices or content of such other websites or applications. Providing personal information to third-party websites or applications is at your own risk.</p>\n<h4>14. Supervisory Authority</h4>\n<p>If you are located in the European Economic Area, Switzerland, the United Kingdom or Brazil, you have the right to lodge a complaint with a supervisory authority if you believe our processing of your personal information violates applicable law.</p>\n<h4>15. Contact Us</h4>\n<p>Craftly.ai is the controller of your personal information. If you have any questions about our privacy practices or this Privacy Notice, or to exercise your rights as detailed in this Privacy Notice, please contact us at: <a href=\"mailto:hello@craftly.ai\">hello@craftly.ai</a></p>\n</div>\n"}}]}}}