{"data":{"allWpPage":{"nodes":[{"documentation":{"headline":{"title":"Headline","description":"<p>Headlines are meant to grab the attention, keep it and convert it. Let Cai write your eye-catching headlines that will get you noticed. Using keywords and concise output, Cai can generate custom headlines that tell a compelling story.</p>\n","stepsTitle":"Steps to Crafting a Headline with Cai","stepsList":[{"stepNo":"1","description":"Name / brand"},{"stepNo":"2","description":"Description"},{"stepNo":"3","description":"Insert your target audience"},{"stepNo":"4","description":"Select a tone"},{"stepNo":"5","description":"Craft content "}],"tipsTitle":"Tips","tipsDescription":"<ul>\n<li>When writing your headline with Cai, make sure to include all the important features that make your product unique.</li>\n<li>If you have a keyword that you know will get you a higher SEO ranking, be sure to tell Cai in your product description input! Looking for high ranking keywords? <a href=\"https://www.semrush.com/\" target=\"_blank\" rel=\"noopener\">Check out</a> this article!</li>\n</ul>\n","contentCreationsTitle":null,"contentCreationsImage":{"sourceUrl":"https://craftly.ai/craftly-wp/wp-content/uploads/2021/07/headline-image-min.jpg"}}}}]}}}