{"data":{"allWpPage":{"nodes":[{"tempesta":{"howDoTitle":"How do they do it?","howDoList":[{"title":"Platform","description":"<p>Tempesta Media’s innovative platform is designed to focus on driving revenue. Most internal marketing teams&#8217; manual tasks are now automated, lowering content operational costs and increasing program ROI.</p>\n","image":{"sourceUrl":"https://craftly.ai/craftly-wp/wp-content/uploads/2021/10/platform.png"}},{"title":"Process","description":"<p>Tempesta Media’s processes tightly integrate content, social media and influencer marketing to work as one coherent program. The system is based on the experience  thay have obtained from producing and optimizing over 50,000 pieces of content since 2011.</p>\n","image":{"sourceUrl":"https://craftly.ai/craftly-wp/wp-content/uploads/2021/10/producing-optimizing-.png"}},{"title":"People","description":"<p>Craftly and Tempesta have uniquely talented creative teams with the power to drive real results. Customer success managers have various industry qualifications (HubSpot, SEO, Google, and others) and are highly proficient content marketers.</p>\n","image":{"sourceUrl":"https://craftly.ai/craftly-wp/wp-content/uploads/2021/08/People.png"}},{"title":"Pricing","description":"<p>They tie compensation to performance objectives agreed to by both parties, which means that the relationship is a true partnership. </p>\n","image":{"sourceUrl":"https://craftly.ai/craftly-wp/wp-content/uploads/2021/10/pricing.png"}},{"title":"Performance","description":"<p>At the end of the day, performance is what matters. When the partnership begins, they establish measurable goals and success metrics based on your needs. You receive regular performance reports to ensure that your managed program is achieving success! Performance visibility helps keep the program on the right track.</p>\n","image":{"sourceUrl":"https://craftly.ai/craftly-wp/wp-content/uploads/2021/10/performance.png"}}]}}]}}}