{"data":{"allWpPage":{"nodes":[{"home":{"oneProductTitle":"One product, endless content","oneProductDescription":"Say goodbye to writer’s block. Using the latest AI technology, Craftly learns your writing style and works with you on all your copy needs. Tools available: <b>65</b> | Tools being perfected: <b>39</b>","requestAccessButtonLabel":"Start your free trial","requestAccessButtonUrl":"https://app.craftly.ai","oneProductList":[{"icon":{"sourceUrl":"https://craftly.ai/craftly-wp/wp-content/uploads/2021/07/ic-stack-min.png"},"title":"Tools for Every Stack","description":"Crafty.AI has a tool that suits any need. Whether you’re writing professionally or creatively, we’re here to help you create high quality content in less time than it takes to get your next cup of coffee.","buttonLabel":"See Tools","buttonurl":"/tools"},{"icon":{"sourceUrl":"https://craftly.ai/craftly-wp/wp-content/uploads/2021/07/ic-prebuilt-min.png"},"title":"Prebuilt Integrations","description":"Custom original content when you want it, where you want it. We’re currently working on getting Craftly.AI integrated with the platforms you use every day so that we’re always nearby to give you a helping hand.","buttonLabel":"Coming Soon","buttonurl":null}],"oneProductCardList":[{"title":"Blog","description":"Blog Topics, Blog Titles, Blog Outline, Blog Introduction, Blog Conclusion, "},{"title":"Company","description":"Personal Bio, Company Bio, Value Proposition, Mission Statement, Growth Ideas, Name Generator, Feature List"},{"title":"Web Copy","description":"Headlines, Hero Text, Sub-headlines, Feature to Benefit, Bullets to Paragraph, Captions, AIDA Copywriting, Pain-agitate-solution"},{"title":"Ecommerce","description":"Product Description, Product Features, Google Ad Title and Descriptions, Headlines, Product Launch, Product Intro, General Ad Copy"},{"title":"Digital Advertising","description":"Facebook Ad Headlines, Facebook Ads, Google Ad Headlines, Google Ads, Content Improver, Keywords"},{"title":"Email","description":"Catchy Email Subjects, Cold Emails, Confirmation Emails, Cancellation Emails, Thank You Emails, Welcome Emails, Follow Up Emails "},{"title":"SEO","description":"Meta Descriptions, Content Improver, Press Release Introduction, Headline, Titles, Subheader, Hero Text"},{"title":"Socials","description":"Photo Captions, Youtube Video Titles, Youtube Video Descriptions, Reviews, Sentence Rewriter, Product Launch"}]}}]}}}