{"data":{"allWpPage":{"nodes":[{"learn":{"communitiesTitle":"Join Our Communities","communitiesList":[{"icon":{"sourceUrl":"https://craftly.ai/craftly-wp/wp-content/uploads/2021/07/ic-facebook-min.png"},"title":"Official Facebook Group","description":"Let’s be Facebook friends! Join a group and connect with other Crafters around the world!","linkLabel":"Join today","link":"https://www.facebook.com/groups/562335751328055"},{"icon":{"sourceUrl":"https://craftly.ai/craftly-wp/wp-content/uploads/2021/07/ic-slack-min.png"},"title":"Slack Channel","description":"No slacking here! On our Slack Channel you can touch base with developers, marketers, and owners to share your insight!","linkLabel":"Join the conversation","link":"https://craftlyai.slack.com/"},{"icon":{"sourceUrl":"https://craftly.ai/craftly-wp/wp-content/uploads/2021/07/ic-forum-min.png"},"title":"Forum","description":"Ask and answer questions with other Craftly.ai lovers!","linkLabel":"Coming Soon","link":null}]}}]}}}