{"data":{"allWpPage":{"nodes":[{"tempesta":{"mediaByTheNumbersTitle":"Services are designed with the modern marketer’s needs in mind. ","mediaByTheNumbersSubtitle":"Tempesta Media by the Numbers","numberList":[{"numberCount":"27,000+","numberCountInfo":"Expert Writers Vetted"},{"numberCount":"26","numberCountInfo":"Industries"},{"numberCount":"05","numberCountInfo":"Day Turnaround Time <br /> (Business Days)"},{"numberCount":"37","numberCountInfo":"Revisions Requested<br />(Per Article)"}],"mediaByTheNumbersDescription":"Tempesta Media is a managed content marketing solution that is built on performance results. Let them handle your content from start to finish. They are SEO experts and PR specialists who work to establish a presence for your brand through online content. With a team of writers, editors, bloggers, and social media managers, all under one roof, Tempesta Media can offer a complete solution to your content needs."}}]}}}