{"data":{"allWpPage":{"nodes":[{"documentation":{"productDescription":{"title":"Product Description","description":"<p>The importance of product descriptions is often overlooked by a lot of e-commerce companies. It&#8217;s understandable &#8211; it&#8217;s hard to keep up with everything when you&#8217;re running your own business! But the truth is that this content is vital for boosting sales and driving more traffic.</p>\n<p>So, why are product descriptions so important? There are many products out there with vague descriptions that give you zero insight into the product. Sometimes you’ll even stumble upon product descriptions that sound like they were written by robots from Mars. But when you find a product with excellent descriptions, it no doubt makes your decision to buy easier!</p>\n","stepsTitle":"Steps to Crafting Product Descriptions with Cai","stepsList":[{"stepNo":"1","description":"What is your Name / Brand"},{"stepNo":"2","description":"Tell us What you Offer"},{"stepNo":"3","description":"Insert your Target Audience"},{"stepNo":"4","description":"Select a Tone"},{"stepNo":"5","description":"Craft Content"}],"tipsTitle":"Tips","tipsDescription":"<ul>\n<li>When writing the description of your product for Cai, make sure to include all the important features that make your product unique.</li>\n<li>If you have a keyword that you know will get you a higher SEO ranking, be sure to tell Cai in your product description input! According to Shopify, <a href=\"https://www.shopify.ca/enterprise/seo-product-descriptions\" target=\"_blank\" rel=\"noopener\">“For high-volume online retailers, SEO can play a major role in growing not only organic traffic but conversions and overall sales”</a></li>\n<li>Another important tip when you have your final description, ask yourself: <a href=\"https://www.shopify.ca/enterprise/seo-product-descriptions\" target=\"_blank\" rel=\"noopener\">“Does this help the online buyer? Does it inform them, enlighten them, and, ultimately, help them make a purchase decision?”</a></li>\n<li>If not, get back to Crafting!</li>\n</ul>\n","contentCreationsTitle":null,"contentCreationsImage":{"sourceUrl":"https://craftly.ai/craftly-wp/wp-content/uploads/2021/07/product-description-image-min.jpg"}}}}]}}}