{"data":{"allWpPage":{"nodes":[{"scholarship":{"howToApplyTitle":"How to Apply","howToApplyDescription":"<p>Participants must submit a 500-word essay or a 2-minute video presentation in response to the following question:</p>\n<h5>How can AI be used to better society? What can we do to prevent the concerns around AI posing as a danger to humanity?<</h5>\n","submissionLabel":"Submissions are only accepted via the","formHereButtonUrl":"https://forms.gle/ySdbJMCdPYbmwRyK8","formHereButtonLabel":"Form Here","applicationDeadlineLabel":"Application Deadline:","applicationDeadlineDate":"January 15","applicationDeadlineDateSuffix":"th","winnerAnnouncedLabel":"Winner Announced:","winnerAnnouncedDate":"Jan 30","winnerAnnouncedDateSuffix":"th","eligibilityTitle":"Eligibility","eligibilityDescription":"<p>Craftly.AI&#8217;s Scholarship is open to students pursuing a higher education who meet the following criteria:</p>\n<ul>\n<li>You are currently enrolled at an accredited college or University in Canada or the United States at an Undergraduate program or Masters program</li>\n<li>Your education will continue through the Spring 2022 semester</li>\n<li>Must be a legal resident of Canada, United states or hold a valid student Visa</li>\n<li>Must not be an employee of Craftly.AI or associated companies</li>\n</ul>\n"}}]}}}