{"data":{"allWpPage":{"nodes":[{"about":{"commandmentsTitle":"The Commandments","commandmentsList":[{"title":"Enhance, </br>not replace","description":"Robots are definitely on the way to taking over the world, but Craftly isn’t there just yet. We’re not trying to replace your unique human voice, we’re here to inspire and enhance! With great technology comes great responsibility, and we vow to put people first and stay human and humble every step of the way (don’t tell Cai)."},{"title":"Our mission is </br> never finished","description":"Ambition -a blessing or a curse- if we’ve done our duty correctly will be around to push creativity and help you do what you do best. With unabashed optimism and resilience, we work towards contributing to something that will outlast each of us as individuals."},{"title":"Curiosity is </br> our compass","description":"Only with vivacious curiosity do we believe we can build something unprecedented. Our goals are atypical, and can be a bit jarring to some, but our execution and deliverance will bring the best of AI to you in due time."},{"title":"We are not here </br> to play it safe","description":"Our deep commitment to our mission of creating helps us accomplish the incredible. It pushes us beyond our comfort zones, makes room for uncomfortable conversations, helps us embrace new growth opportunities, and energizes us to take on the impossible."},{"title":"Weirder the better","description":"The magic of Craftly will lie in its artistic weirdness, surprising twists, community, inspiration and novel experiences. Craftly - the product and company - is set out to be fun, eccentric, and diverse."},{"title":"Make good, <br/> do good, be good","description":"This one is simple. It would also make for a great tattoo."}]}}]}}}