{"data":{"allWpPage":{"nodes":[{"documentation":{"valueProposition":{"title":"Value Proposition","description":"<p>So you’ve just started a new business venture? Obviously you love your new idea, but how do you explain it to your new customers?</p>\n<p>Value propositions are statements that describe the benefit of a company&#8217;s product or service and makes it easy for customers to understand the value they&#8217;re getting. A strong value proposition focuses on how the business will help the customer, and puts your message in terms of “what” benefits you&#8217;ll give your audience, rather than “who” or “how.”</p>\n","stepsTitle":"Steps to Creating a Value Proposition with Cai","stepsList":[{"stepNo":"1","description":"What us your name / brand?"},{"stepNo":"2","description":"What makes you stand out?"},{"stepNo":"3","description":"Craft content"}],"tipsTitle":"Tips","tipsDescription":"<ul>\n<li>The longer and more detailed your input, the stronger and more thorough the output.</li>\n<li>Feel free to add specifications such as benefits, numbers and other unique details that you want included in your copy.</li>\n<li>Having a hard time coming up with an idea that brings value? Cai can do that too! Check out our Growth Ideas tool on the app!</li>\n</ul>\n","contentCreationsTitle":null,"contentCreationsImage":{"sourceUrl":"https://craftly.ai/craftly-wp/wp-content/uploads/2021/07/value-proposition-image-min.jpg"}}}}]}}}