{"data":{"allWpPage":{"nodes":[{"keapMarketing":{"playbookDescription":"Develop your customized Sales & Marketing Playbook and launch enticement tools like<br/> high-value content that address their biggest pains and aspirations","playbookDashboardImage":{"sourceUrl":"https://craftly.ai/craftly-wp/wp-content/uploads/2021/09/sales-marketing-dashboard.png"},"playbookList":[{"description":"Capture leads with Craftly creations and organize them in one place. Segment your contacts, and send targeted campaigns. Efficiently and automatically move leads through your sales funnel","title":"Collect Leads","icon":{"sourceUrl":"https://craftly.ai/craftly-wp/wp-content/uploads/2021/09/collect-leads.png"}},{"description":"Insert your crafted copy into pre-made templates to quickly set up follow-up automations, including reminders to approve and pay invoices. Collect payments with native WePay, Stripe, and PayPal integrations","title":"Convert Clients","icon":{"sourceUrl":"https://craftly.ai/craftly-wp/wp-content/uploads/2021/09/convert-clients.png"}},{"description":"With Keap, you have one place for your lead capture, customer information, email and SMS campaigns, calendar booking, invoicing and payments, and more. Keep your clients engaged with a lifecycle marketing structure that works","title":"Keep your Clients Coming Back","icon":{"sourceUrl":"https://craftly.ai/craftly-wp/wp-content/uploads/2021/09/keep-your-clients.png"}}]}}]}}}