{"data":{"allWpPage":{"nodes":[{"craftly404":{"pageTopTitle":"Jeez louise… This is embarrassing.","image":{"sourceUrl":"https://craftly.ai/craftly-wp/wp-content/uploads/2021/07/404-min.png"},"title":"Page not found!","description":"<h5>Don’t tell the humans, this will get me in big trouble!</h5>\n","buttonGroup":[{"label":"Submit An Issue","link":"https://www.tidio.com/talk/craftlyai"},{"label":"Support","link":"https://www.tidio.com/talk/craftlyai"},{"label":"Documentation","link":"https://craftly.ai/documentation"},{"label":"Step By Step Guide","link":"https://craftly.ai/documentation/step-by-step"}]}}]}}}