{"data":{"allWpPage":{"nodes":[{"tempesta":{"bannerLogoTempesta":{"sourceUrl":"https://craftly.ai/craftly-wp/wp-content/uploads/2021/08/logo-tempesta.png"},"bannerLogoCraftly":{"sourceUrl":"https://craftly.ai/craftly-wp/wp-content/uploads/2021/08/logo-min.png"},"bannerTitle":"Want a more managed solution? <br> Try Tempesta Media","bannerSubtitle":null,"bannerDescription":"Don’t just craft content, make it <span>work</span> for you. Is your business looking for a way to stay ahead of the competition but don’t have time to craft yourself? <a href=\"https://www.tempestamedia.com/\" target=\"_blank\">Tempesta Media</a> partnered with Craftly.AI is the answer. "}}]}}}