{"polyfill":["/polyfill-25a8e84f6ecb2bb0584f.js"],"app":["/app-dddb8d177afc6ddefec2.js"],"component---cache-caches-gatsby-plugin-offline-app-shell-js":["/component---cache-caches-gatsby-plugin-offline-app-shell-js-ca7625a901b217b3cc85.js"],"component---src-pages-404-js":["/component---src-pages-404-js-cf8d9de44ae5df35d991.js"],"component---src-pages-about-js":["/component---src-pages-about-js-744f64e50136329f668a.js"],"component---src-pages-affiliate-js":["/component---src-pages-affiliate-js-b86763160b0651975966.js"],"component---src-pages-blog-blog-js":["/component---src-pages-blog-blog-js-80d37b7a408a9191fc3e.js"],"component---src-pages-blog-blog-template-js":["/component---src-pages-blog-blog-template-js-2a0d0ed142d58def4401.js"],"component---src-pages-blog-index-js":["/component---src-pages-blog-index-js-edbaeb5431f012c7e6f8.js"],"component---src-pages-citymoguls-seo-workshop-js":["/component---src-pages-citymoguls-seo-workshop-js-fa3e76451c8f5ca6a315.js"],"component---src-pages-documentation-blog-builder-js":["/component---src-pages-documentation-blog-builder-js-1b3a6b74abfb57b42193.js"],"component---src-pages-documentation-blog-ideas-js":["/component---src-pages-documentation-blog-ideas-js-f586cac04979725eb79c.js"],"component---src-pages-documentation-blog-topics-js":["/component---src-pages-documentation-blog-topics-js-1e830c6949367c843ed6.js"],"component---src-pages-documentation-bullets-to-paragraph-js":["/component---src-pages-documentation-bullets-to-paragraph-js-d71e2a8bd11431ce0228.js"],"component---src-pages-documentation-choose-a-tone-js":["/component---src-pages-documentation-choose-a-tone-js-6aff16cf6da2e0c21825.js"],"component---src-pages-documentation-email-confirmation-js":["/component---src-pages-documentation-email-confirmation-js-8bf9848f8cec95c6f5dc.js"],"component---src-pages-documentation-email-thank-you-js":["/component---src-pages-documentation-email-thank-you-js-6cd963ad408e9e22e87d.js"],"component---src-pages-documentation-headline-js":["/component---src-pages-documentation-headline-js-fbf4a23fd558b6b7cc32.js"],"component---src-pages-documentation-index-js":["/component---src-pages-documentation-index-js-09c33878369f69565d39.js"],"component---src-pages-documentation-product-description-js":["/component---src-pages-documentation-product-description-js-91dbcfad13745eb29c0f.js"],"component---src-pages-documentation-sentence-rewriter-js":["/component---src-pages-documentation-sentence-rewriter-js-23ad6ae94544c84b4878.js"],"component---src-pages-documentation-step-by-step-js":["/component---src-pages-documentation-step-by-step-js-22b6210b8d292e7f79c7.js"],"component---src-pages-documentation-value-proposition-js":["/component---src-pages-documentation-value-proposition-js-c8502f6ef7938e11ede7.js"],"component---src-pages-faqs-js":["/component---src-pages-faqs-js-c0e8558de7df71d861ad.js"],"component---src-pages-index-js":["/component---src-pages-index-js-099b4bd28500546f6a2a.js"],"component---src-pages-keap-marketing-js":["/component---src-pages-keap-marketing-js-5a2630997b8eb9392416.js"],"component---src-pages-learn-js":["/component---src-pages-learn-js-08ae40efd0075c8aa6c3.js"],"component---src-pages-privacy-policy-js":["/component---src-pages-privacy-policy-js-817fc32aeafac3e72904.js"],"component---src-pages-scholarship-js":["/component---src-pages-scholarship-js-926072a610ba31331ead.js"],"component---src-pages-tempesta-js":["/component---src-pages-tempesta-js-81b07e88e2f0d3748b8a.js"],"component---src-pages-terms-of-use-js":["/component---src-pages-terms-of-use-js-fff5479e5776f14a039b.js"],"component---src-pages-tools-js":["/component---src-pages-tools-js-879dacf7222355b6357d.js"],"component---src-pages-video-index-js":["/component---src-pages-video-index-js-b9744b937ed07840cc8d.js"],"component---src-pages-video-video-js":["/component---src-pages-video-video-js-ba20a1cbdc2002878839.js"],"component---src-pages-video-video-template-js":["/component---src-pages-video-video-template-js-0a9b6184ae32696a167c.js"]}