{"namedChunkGroups":{"polyfill":{"name":"polyfill","assets":[{"name":"webpack-runtime-e80695f58b8e194a6f50.js","size":6403},{"name":"polyfill-25a8e84f6ecb2bb0584f.js","size":95967}],"filteredAssets":0,"assetsSize":102370,"filteredAuxiliaryAssets":2,"auxiliaryAssetsSize":285343},"app":{"name":"app","assets":[{"name":"webpack-runtime-e80695f58b8e194a6f50.js","size":6403},{"name":"framework-094b0089736b8f621f0d.js","size":129754},{"name":"styles.e413620cf805f6b9d618.css","size":574789},{"name":"app-dddb8d177afc6ddefec2.js","size":76648}],"filteredAssets":0,"assetsSize":787594,"filteredAuxiliaryAssets":53,"auxiliaryAssetsSize":6952451},"component---cache-caches-gatsby-plugin-offline-app-shell-js":{"name":"component---cache-caches-gatsby-plugin-offline-app-shell-js","assets":[{"name":"component---cache-caches-gatsby-plugin-offline-app-shell-js-ca7625a901b217b3cc85.js","size":539}],"filteredAssets":0,"assetsSize":539,"filteredAuxiliaryAssets":1,"auxiliaryAssetsSize":1660},"component---src-pages-404-js":{"name":"component---src-pages-404-js","assets":[{"name":"999d613c47ccf843010a869759009948a2120f1f-0dce26e734815209cd5b.js","size":28190},{"name":"component---src-pages-404-js-cf8d9de44ae5df35d991.js","size":1650}],"filteredAssets":0,"assetsSize":29840,"filteredAuxiliaryAssets":3,"auxiliaryAssetsSize":112066},"component---src-pages-about-js":{"name":"component---src-pages-about-js","assets":[{"name":"999d613c47ccf843010a869759009948a2120f1f-0dce26e734815209cd5b.js","size":28190},{"name":"component---src-pages-about-js-744f64e50136329f668a.js","size":10627}],"filteredAssets":0,"assetsSize":38817,"filteredAuxiliaryAssets":3,"auxiliaryAssetsSize":136705},"component---src-pages-affiliate-js":{"name":"component---src-pages-affiliate-js","assets":[{"name":"999d613c47ccf843010a869759009948a2120f1f-0dce26e734815209cd5b.js","size":28190},{"name":"component---src-pages-affiliate-js-b86763160b0651975966.js","size":8901}],"filteredAssets":0,"assetsSize":37091,"filteredAuxiliaryAssets":3,"auxiliaryAssetsSize":132970},"component---src-pages-blog-blog-js":{"name":"component---src-pages-blog-blog-js","assets":[{"name":"999d613c47ccf843010a869759009948a2120f1f-0dce26e734815209cd5b.js","size":28190},{"name":"component---src-pages-blog-blog-js-80d37b7a408a9191fc3e.js","size":6669}],"filteredAssets":0,"assetsSize":34859,"filteredAuxiliaryAssets":3,"auxiliaryAssetsSize":125947},"component---src-pages-blog-blog-template-js":{"name":"component---src-pages-blog-blog-template-js","assets":[{"name":"999d613c47ccf843010a869759009948a2120f1f-0dce26e734815209cd5b.js","size":28190},{"name":"component---src-pages-blog-blog-template-js-2a0d0ed142d58def4401.js","size":6663}],"filteredAssets":0,"assetsSize":34853,"filteredAuxiliaryAssets":3,"auxiliaryAssetsSize":125212},"component---src-pages-blog-index-js":{"name":"component---src-pages-blog-index-js","assets":[{"name":"999d613c47ccf843010a869759009948a2120f1f-0dce26e734815209cd5b.js","size":28190},{"name":"component---src-pages-blog-index-js-edbaeb5431f012c7e6f8.js","size":11026}],"filteredAssets":0,"assetsSize":39216,"filteredAuxiliaryAssets":3,"auxiliaryAssetsSize":138448},"component---src-pages-citymoguls-seo-workshop-js":{"name":"component---src-pages-citymoguls-seo-workshop-js","assets":[{"name":"999d613c47ccf843010a869759009948a2120f1f-0dce26e734815209cd5b.js","size":28190},{"name":"component---src-pages-citymoguls-seo-workshop-js-fa3e76451c8f5ca6a315.js","size":4713}],"filteredAssets":0,"assetsSize":32903,"filteredAuxiliaryAssets":3,"auxiliaryAssetsSize":119230},"component---src-pages-documentation-blog-builder-js":{"name":"component---src-pages-documentation-blog-builder-js","assets":[{"name":"component---src-pages-documentation-blog-builder-js-1b3a6b74abfb57b42193.js","size":10128}],"filteredAssets":0,"assetsSize":10128,"filteredAuxiliaryAssets":1,"auxiliaryAssetsSize":24384},"component---src-pages-documentation-blog-ideas-js":{"name":"component---src-pages-documentation-blog-ideas-js","assets":[{"name":"component---src-pages-documentation-blog-ideas-js-f586cac04979725eb79c.js","size":9952}],"filteredAssets":0,"assetsSize":9952,"filteredAuxiliaryAssets":1,"auxiliaryAssetsSize":23903},"component---src-pages-documentation-blog-topics-js":{"name":"component---src-pages-documentation-blog-topics-js","assets":[{"name":"component---src-pages-documentation-blog-topics-js-1e830c6949367c843ed6.js","size":9962}],"filteredAssets":0,"assetsSize":9962,"filteredAuxiliaryAssets":1,"auxiliaryAssetsSize":23926},"component---src-pages-documentation-bullets-to-paragraph-js":{"name":"component---src-pages-documentation-bullets-to-paragraph-js","assets":[{"name":"component---src-pages-documentation-bullets-to-paragraph-js-d71e2a8bd11431ce0228.js","size":10088}],"filteredAssets":0,"assetsSize":10088,"filteredAuxiliaryAssets":1,"auxiliaryAssetsSize":24179},"component---src-pages-documentation-choose-a-tone-js":{"name":"component---src-pages-documentation-choose-a-tone-js","assets":[{"name":"component---src-pages-documentation-choose-a-tone-js-6aff16cf6da2e0c21825.js","size":8926}],"filteredAssets":0,"assetsSize":8926,"filteredAuxiliaryAssets":1,"auxiliaryAssetsSize":21024},"component---src-pages-documentation-email-confirmation-js":{"name":"component---src-pages-documentation-email-confirmation-js","assets":[{"name":"component---src-pages-documentation-email-confirmation-js-8bf9848f8cec95c6f5dc.js","size":10031}],"filteredAssets":0,"assetsSize":10031,"filteredAuxiliaryAssets":1,"auxiliaryAssetsSize":24091},"component---src-pages-documentation-email-thank-you-js":{"name":"component---src-pages-documentation-email-thank-you-js","assets":[{"name":"component---src-pages-documentation-email-thank-you-js-6cd963ad408e9e22e87d.js","size":9993}],"filteredAssets":0,"assetsSize":9993,"filteredAuxiliaryAssets":1,"auxiliaryAssetsSize":23989},"component---src-pages-documentation-headline-js":{"name":"component---src-pages-documentation-headline-js","assets":[{"name":"component---src-pages-documentation-headline-js-fbf4a23fd558b6b7cc32.js","size":9941}],"filteredAssets":0,"assetsSize":9941,"filteredAuxiliaryAssets":1,"auxiliaryAssetsSize":23888},"component---src-pages-documentation-index-js":{"name":"component---src-pages-documentation-index-js","assets":[{"name":"component---src-pages-documentation-index-js-09c33878369f69565d39.js","size":9357}],"filteredAssets":0,"assetsSize":9357,"filteredAuxiliaryAssets":1,"auxiliaryAssetsSize":22079},"component---src-pages-documentation-product-description-js":{"name":"component---src-pages-documentation-product-description-js","assets":[{"name":"component---src-pages-documentation-product-description-js-91dbcfad13745eb29c0f.js","size":10041}],"filteredAssets":0,"assetsSize":10041,"filteredAuxiliaryAssets":1,"auxiliaryAssetsSize":24103},"component---src-pages-documentation-sentence-rewriter-js":{"name":"component---src-pages-documentation-sentence-rewriter-js","assets":[{"name":"component---src-pages-documentation-sentence-rewriter-js-23ad6ae94544c84b4878.js","size":10170}],"filteredAssets":0,"assetsSize":10170,"filteredAuxiliaryAssets":1,"auxiliaryAssetsSize":24453},"component---src-pages-documentation-step-by-step-js":{"name":"component---src-pages-documentation-step-by-step-js","assets":[{"name":"component---src-pages-documentation-step-by-step-js-22b6210b8d292e7f79c7.js","size":10226}],"filteredAssets":0,"assetsSize":10226,"filteredAuxiliaryAssets":1,"auxiliaryAssetsSize":25614},"component---src-pages-documentation-value-proposition-js":{"name":"component---src-pages-documentation-value-proposition-js","assets":[{"name":"component---src-pages-documentation-value-proposition-js-c8502f6ef7938e11ede7.js","size":10021}],"filteredAssets":0,"assetsSize":10021,"filteredAuxiliaryAssets":1,"auxiliaryAssetsSize":24067},"component---src-pages-faqs-js":{"name":"component---src-pages-faqs-js","assets":[{"name":"999d613c47ccf843010a869759009948a2120f1f-0dce26e734815209cd5b.js","size":28190},{"name":"component---src-pages-faqs-js-c0e8558de7df71d861ad.js","size":3699}],"filteredAssets":0,"assetsSize":31889,"filteredAuxiliaryAssets":3,"auxiliaryAssetsSize":117843},"component---src-pages-index-js":{"name":"component---src-pages-index-js","assets":[{"name":"ea88be26-ad083465828e1667a0ed.js","size":267902},{"name":"999d613c47ccf843010a869759009948a2120f1f-0dce26e734815209cd5b.js","size":28190},{"name":"component---src-pages-index-js-099b4bd28500546f6a2a.js","size":4766421}],"filteredAssets":0,"assetsSize":5062513,"filteredAuxiliaryAssets":6,"auxiliaryAssetsSize":1398811},"component---src-pages-keap-marketing-js":{"name":"component---src-pages-keap-marketing-js","assets":[{"name":"999d613c47ccf843010a869759009948a2120f1f-0dce26e734815209cd5b.js","size":28190},{"name":"component---src-pages-keap-marketing-js-5a2630997b8eb9392416.js","size":8898}],"filteredAssets":0,"assetsSize":37088,"filteredAuxiliaryAssets":3,"auxiliaryAssetsSize":132479},"component---src-pages-learn-js":{"name":"component---src-pages-learn-js","assets":[{"name":"999d613c47ccf843010a869759009948a2120f1f-0dce26e734815209cd5b.js","size":28190},{"name":"component---src-pages-learn-js-08ae40efd0075c8aa6c3.js","size":15484}],"filteredAssets":0,"assetsSize":43674,"filteredAuxiliaryAssets":3,"auxiliaryAssetsSize":151739},"component---src-pages-privacy-policy-js":{"name":"component---src-pages-privacy-policy-js","assets":[{"name":"999d613c47ccf843010a869759009948a2120f1f-0dce26e734815209cd5b.js","size":28190},{"name":"component---src-pages-privacy-policy-js-817fc32aeafac3e72904.js","size":1453}],"filteredAssets":0,"assetsSize":29643,"filteredAuxiliaryAssets":3,"auxiliaryAssetsSize":111037},"component---src-pages-scholarship-js":{"name":"component---src-pages-scholarship-js","assets":[{"name":"999d613c47ccf843010a869759009948a2120f1f-0dce26e734815209cd5b.js","size":28190},{"name":"component---src-pages-scholarship-js-926072a610ba31331ead.js","size":7456}],"filteredAssets":0,"assetsSize":35646,"filteredAuxiliaryAssets":5,"auxiliaryAssetsSize":222194},"component---src-pages-tempesta-js":{"name":"component---src-pages-tempesta-js","assets":[{"name":"999d613c47ccf843010a869759009948a2120f1f-0dce26e734815209cd5b.js","size":28190},{"name":"component---src-pages-tempesta-js-81b07e88e2f0d3748b8a.js","size":29667}],"filteredAssets":0,"assetsSize":57857,"filteredAuxiliaryAssets":5,"auxiliaryAssetsSize":607379},"component---src-pages-terms-of-use-js":{"name":"component---src-pages-terms-of-use-js","assets":[{"name":"999d613c47ccf843010a869759009948a2120f1f-0dce26e734815209cd5b.js","size":28190},{"name":"component---src-pages-terms-of-use-js-fff5479e5776f14a039b.js","size":1442}],"filteredAssets":0,"assetsSize":29632,"filteredAuxiliaryAssets":3,"auxiliaryAssetsSize":111015},"component---src-pages-tools-js":{"name":"component---src-pages-tools-js","assets":[{"name":"999d613c47ccf843010a869759009948a2120f1f-0dce26e734815209cd5b.js","size":28190},{"name":"component---src-pages-tools-js-879dacf7222355b6357d.js","size":4178}],"filteredAssets":0,"assetsSize":32368,"filteredAuxiliaryAssets":3,"auxiliaryAssetsSize":122302},"component---src-pages-video-index-js":{"name":"component---src-pages-video-index-js","assets":[{"name":"999d613c47ccf843010a869759009948a2120f1f-0dce26e734815209cd5b.js","size":28190},{"name":"component---src-pages-video-index-js-b9744b937ed07840cc8d.js","size":6496}],"filteredAssets":0,"assetsSize":34686,"filteredAuxiliaryAssets":3,"auxiliaryAssetsSize":124822},"component---src-pages-video-video-js":{"name":"component---src-pages-video-video-js","assets":[{"name":"999d613c47ccf843010a869759009948a2120f1f-0dce26e734815209cd5b.js","size":28190},{"name":"component---src-pages-video-video-js-ba20a1cbdc2002878839.js","size":1875}],"filteredAssets":0,"assetsSize":30065,"filteredAuxiliaryAssets":3,"auxiliaryAssetsSize":112543},"component---src-pages-video-video-template-js":{"name":"component---src-pages-video-video-template-js","assets":[{"name":"999d613c47ccf843010a869759009948a2120f1f-0dce26e734815209cd5b.js","size":28190},{"name":"component---src-pages-video-video-template-js-0a9b6184ae32696a167c.js","size":3838}],"filteredAssets":0,"assetsSize":32028,"filteredAuxiliaryAssets":3,"auxiliaryAssetsSize":117187}},"assetsByChunkName":{"polyfill":["webpack-runtime-e80695f58b8e194a6f50.js","polyfill-25a8e84f6ecb2bb0584f.js"],"app":["webpack-runtime-e80695f58b8e194a6f50.js","framework-094b0089736b8f621f0d.js","styles.e413620cf805f6b9d618.css","app-dddb8d177afc6ddefec2.js"],"component---cache-caches-gatsby-plugin-offline-app-shell-js":["component---cache-caches-gatsby-plugin-offline-app-shell-js-ca7625a901b217b3cc85.js"],"component---src-pages-404-js":["999d613c47ccf843010a869759009948a2120f1f-0dce26e734815209cd5b.js","component---src-pages-404-js-cf8d9de44ae5df35d991.js"],"component---src-pages-about-js":["999d613c47ccf843010a869759009948a2120f1f-0dce26e734815209cd5b.js","component---src-pages-about-js-744f64e50136329f668a.js"],"component---src-pages-affiliate-js":["999d613c47ccf843010a869759009948a2120f1f-0dce26e734815209cd5b.js","component---src-pages-affiliate-js-b86763160b0651975966.js"],"component---src-pages-blog-blog-js":["999d613c47ccf843010a869759009948a2120f1f-0dce26e734815209cd5b.js","component---src-pages-blog-blog-js-80d37b7a408a9191fc3e.js"],"component---src-pages-blog-blog-template-js":["999d613c47ccf843010a869759009948a2120f1f-0dce26e734815209cd5b.js","component---src-pages-blog-blog-template-js-2a0d0ed142d58def4401.js"],"component---src-pages-blog-index-js":["999d613c47ccf843010a869759009948a2120f1f-0dce26e734815209cd5b.js","component---src-pages-blog-index-js-edbaeb5431f012c7e6f8.js"],"component---src-pages-citymoguls-seo-workshop-js":["999d613c47ccf843010a869759009948a2120f1f-0dce26e734815209cd5b.js","component---src-pages-citymoguls-seo-workshop-js-fa3e76451c8f5ca6a315.js"],"component---src-pages-documentation-blog-builder-js":["component---src-pages-documentation-blog-builder-js-1b3a6b74abfb57b42193.js"],"component---src-pages-documentation-blog-ideas-js":["component---src-pages-documentation-blog-ideas-js-f586cac04979725eb79c.js"],"component---src-pages-documentation-blog-topics-js":["component---src-pages-documentation-blog-topics-js-1e830c6949367c843ed6.js"],"component---src-pages-documentation-bullets-to-paragraph-js":["component---src-pages-documentation-bullets-to-paragraph-js-d71e2a8bd11431ce0228.js"],"component---src-pages-documentation-choose-a-tone-js":["component---src-pages-documentation-choose-a-tone-js-6aff16cf6da2e0c21825.js"],"component---src-pages-documentation-email-confirmation-js":["component---src-pages-documentation-email-confirmation-js-8bf9848f8cec95c6f5dc.js"],"component---src-pages-documentation-email-thank-you-js":["component---src-pages-documentation-email-thank-you-js-6cd963ad408e9e22e87d.js"],"component---src-pages-documentation-headline-js":["component---src-pages-documentation-headline-js-fbf4a23fd558b6b7cc32.js"],"component---src-pages-documentation-index-js":["component---src-pages-documentation-index-js-09c33878369f69565d39.js"],"component---src-pages-documentation-product-description-js":["component---src-pages-documentation-product-description-js-91dbcfad13745eb29c0f.js"],"component---src-pages-documentation-sentence-rewriter-js":["component---src-pages-documentation-sentence-rewriter-js-23ad6ae94544c84b4878.js"],"component---src-pages-documentation-step-by-step-js":["component---src-pages-documentation-step-by-step-js-22b6210b8d292e7f79c7.js"],"component---src-pages-documentation-value-proposition-js":["component---src-pages-documentation-value-proposition-js-c8502f6ef7938e11ede7.js"],"component---src-pages-faqs-js":["999d613c47ccf843010a869759009948a2120f1f-0dce26e734815209cd5b.js","component---src-pages-faqs-js-c0e8558de7df71d861ad.js"],"component---src-pages-index-js":["ea88be26-ad083465828e1667a0ed.js","999d613c47ccf843010a869759009948a2120f1f-0dce26e734815209cd5b.js","component---src-pages-index-js-099b4bd28500546f6a2a.js"],"component---src-pages-keap-marketing-js":["999d613c47ccf843010a869759009948a2120f1f-0dce26e734815209cd5b.js","component---src-pages-keap-marketing-js-5a2630997b8eb9392416.js"],"component---src-pages-learn-js":["999d613c47ccf843010a869759009948a2120f1f-0dce26e734815209cd5b.js","component---src-pages-learn-js-08ae40efd0075c8aa6c3.js"],"component---src-pages-privacy-policy-js":["999d613c47ccf843010a869759009948a2120f1f-0dce26e734815209cd5b.js","component---src-pages-privacy-policy-js-817fc32aeafac3e72904.js"],"component---src-pages-scholarship-js":["999d613c47ccf843010a869759009948a2120f1f-0dce26e734815209cd5b.js","component---src-pages-scholarship-js-926072a610ba31331ead.js"],"component---src-pages-tempesta-js":["999d613c47ccf843010a869759009948a2120f1f-0dce26e734815209cd5b.js","component---src-pages-tempesta-js-81b07e88e2f0d3748b8a.js"],"component---src-pages-terms-of-use-js":["999d613c47ccf843010a869759009948a2120f1f-0dce26e734815209cd5b.js","component---src-pages-terms-of-use-js-fff5479e5776f14a039b.js"],"component---src-pages-tools-js":["999d613c47ccf843010a869759009948a2120f1f-0dce26e734815209cd5b.js","component---src-pages-tools-js-879dacf7222355b6357d.js"],"component---src-pages-video-index-js":["999d613c47ccf843010a869759009948a2120f1f-0dce26e734815209cd5b.js","component---src-pages-video-index-js-b9744b937ed07840cc8d.js"],"component---src-pages-video-video-js":["999d613c47ccf843010a869759009948a2120f1f-0dce26e734815209cd5b.js","component---src-pages-video-video-js-ba20a1cbdc2002878839.js"],"component---src-pages-video-video-template-js":["999d613c47ccf843010a869759009948a2120f1f-0dce26e734815209cd5b.js","component---src-pages-video-video-template-js-0a9b6184ae32696a167c.js"]},"childAssetsByChunkName":{}}